,#grainID,x,y,grainSize,perimeter,boundarySize,numNeighbors,h(Gpa)
0,84.0,-39.2925,-11.73705,140.0,45.2639,98.0,9.0,1.45
1,85.0,-55.001,-9.001784,305.0,74.94776,159.0,6.0,3.619
2,122.0,-89.87787,-17.84557,70.0,52.65392,114.0,9.0,4.334
3,133.0,-224.7325,-22.96657,367.0,102.5366,222.0,12.0,3.733
4,142.0,-105.0307,-20.04308,185.0,60.9677,132.0,4.0,6.05
5,161.0,-54.32268,-22.01188,531.0,109.0029,254.0,19.0,3.446
6,164.0,-192.0816,-26.80881,399.0,79.44276,172.0,12.0,3.851
7,174.0,-176.5177,-28.46244,300.0,87.75654,190.0,13.0,3.562
8,178.0,-257.1728,-30.8979,485.0,84.98528,184.0,8.0,4.179
9,183.0,-98.97113,-38.66311,41.0,40.64513,88.0,5.0,5.57
10,204.0,-169.2267,-43.78811,104.0,47.1114,102.0,6.0,4.197
11,211.0,-139.9645,-30.72248,2909.0,283.5922,703.0,27.0,3.72575
12,231.0,-235.7862,-38.62065,1164.0,190.2931,412.0,16.0,4.133
13,233.0,-260.9201,-52.5561,69.0,29.5601,64.0,4.0,4.199
14,237.0,-60.32267,-49.56742,261.0,58.19644,126.0,5.0,3.183
15,245.0,-118.6551,-51.1109,460.0,77.59525,168.0,11.0,3.362
16,250.0,-230.0646,-49.62089,733.0,136.7154,296.0,10.0,3.993
17,257.0,-78.93143,-42.72137,1359.0,216.1582,554.0,46.0,3.9305000000000003
18,281.0,-136.8735,-64.4451,456.0,97.91782,219.0,10.0,3.667
19,285.0,-206.9713,-58.40684,219.0,102.5366,222.0,4.0,3.877
20,291.0,-193.9993,-51.1388,1928.0,199.5307,432.0,17.0,3.5045
21,300.0,-213.0498,-62.66303,639.0,110.8504,240.0,5.0,2.014
22,301.0,-233.0342,-69.61324,290.0,62.81521,136.0,6.0,3.997
23,307.0,-162.9806,-68.41341,344.0,85.90903,186.0,6.0,3.682
24,309.0,-99.37374,-74.39071,92.0,39.72138,86.0,4.0,4.852
25,326.0,-36.30098,-53.68517,2972.0,330.7036,737.0,25.0,3.057
26,333.0,-171.5333,-73.85694,584.0,98.84157,214.0,8.0,3.694
27,340.0,-250.8678,-69.72992,1076.0,136.7154,319.0,17.0,4.252
28,348.0,-68.51918,-76.00407,1027.0,125.6304,309.0,23.0,3.655
29,357.0,-113.5223,-71.70377,1081.0,135.7917,294.0,14.0,4.43
30,360.0,-231.3513,-85.23265,312.0,69.28148,150.0,8.0,3.864
31,383.0,-263.6353,-86.66198,692.0,156.0722,323.0,10.0,3.847
32,392.0,-204.7641,-88.18799,1168.0,122.8592,266.0,14.0,3.766
33,400.0,-179.0828,-91.67285,1060.0,117.3166,254.0,14.0,3.384
34,405.0,-83.20202,-98.04734,399.0,92.3753,200.0,9.0,2.783
35,406.0,-115.2095,-99.09975,185.0,59.12019,135.0,6.0,3.592
36,436.0,-101.1772,-99.93625,502.0,106.2316,256.0,18.0,4.602
37,443.0,-255.0567,-106.869,103.0,41.56889,90.0,4.0,5.026
38,462.0,-165.0898,-106.5301,617.0,89.60404,194.0,11.0,3.8
39,463.0,-248.9499,-104.0882,866.0,172.1562,371.0,15.0,2.87
40,466.0,-94.13832,-116.2625,41.0,26.78884,58.0,5.0,4.453
41,470.0,-139.5731,-95.48272,1847.0,312.2285,760.0,34.0,3.585
42,477.0,-183.301,-109.8929,437.0,118.2404,256.0,6.0,3.583
43,483.0,-146.493,-117.3579,204.0,67.43397,146.0,5.0,0.2826
44,490.0,-41.95308,-102.7832,1100.0,158.8855,344.0,11.0,3.035
45,493.0,-112.3326,-118.0697,538.0,95.14656,206.0,7.0,3.4
46,495.0,-29.43345,-114.824,868.0,121.0116,277.0,13.0,2.87
47,503.0,-154.2439,-122.8344,475.0,84.98528,184.0,10.0,3.729
48,507.0,-188.1351,-119.999,357.0,136.7154,296.0,6.0,3.689
49,512.0,-77.12417,-119.1937,903.0,126.5542,274.0,8.0,3.448
50,518.0,-268.0924,-128.187,373.0,77.12449,155.0,9.0,2.956
51,523.0,-224.0328,-121.58,1262.0,144.1055,319.0,14.0,3.868
52,525.0,-58.56845,-108.0774,1529.0,399.0613,875.0,46.0,3.1555
53,534.0,-45.72578,-136.3841,27.0,46.18765,100.0,2.0,3.28
54,537.0,-97.9645,-134.6982,282.0,144.1055,319.0,8.0,4.424
55,546.0,-79.31739,-138.5638,245.0,92.3753,207.0,11.0,3.519
56,567.0,-194.8348,-132.961,1770.0,227.2432,492.0,8.0,3.5694999999999997
57,569.0,-230.659,-137.8801,1003.0,137.6392,298.0,11.0,3.911
58,571.0,-237.3535,-143.2994,199.0,95.14656,206.0,6.0,3.807
59,586.0,-205.2567,-149.6774,117.0,40.64513,88.0,4.0,3.745
60,596.0,-173.5034,-144.3336,668.0,121.0116,276.0,18.0,3.518
61,599.0,-126.138,-137.1943,2151.0,316.8473,701.0,20.0,3.392
62,600.0,-45.22479,-145.7114,874.0,155.1905,336.0,14.0,3.105
63,601.0,-71.94881,-152.1988,80.0,37.87387,82.0,4.0,3.127
64,613.0,-103.0931,-158.9692,305.0,91.45155,198.0,12.0,3.8185000000000002
65,615.0,-22.08113,-156.6771,592.0,104.3841,245.0,14.0,2.989
66,619.0,-12.80168,-139.9711,1088.0,164.8721,334.0,15.0,2.956
67,640.0,-226.3432,-169.0516,117.0,54.50143,118.0,6.0,3.641
68,645.0,-266.1415,-152.6019,983.0,121.027,242.0,4.0,2.884
69,647.0,-184.6057,-165.3817,282.0,69.28148,150.0,7.0,3.601
70,650.0,-254.0631,-159.026,565.0,107.1554,232.0,8.0,3.654
71,657.0,-149.5953,-160.3161,736.0,121.0116,262.0,9.0,3.738
72,658.0,-272.7673,-170.9097,121.0,45.53569,91.0,5.0,3.175
73,664.0,-20.79068,-173.6671,222.0,72.05274,156.0,13.0,3.03
74,665.0,-51.28056,-167.8382,339.0,81.29027,176.0,8.0,3.326
75,670.0,-68.73503,-174.0268,71.0,50.80642,110.0,5.0,3.414
76,677.0,-145.1846,-167.3215,443.0,128.4017,278.0,5.0,3.41
77,679.0,-239.6575,-175.4887,786.0,166.2755,360.0,13.0,3.948
78,688.0,-141.5497,-173.1064,820.0,150.5717,326.0,7.0,3.554
79,691.0,-226.0061,-183.7808,406.0,79.44276,172.0,6.0,3.593
80,701.0,-92.42219,-179.767,1990.0,186.5981,422.0,15.0,3.8213333333333335
81,704.0,-11.23014,-186.1628,866.0,113.942,223.0,10.0,2.93
82,724.0,-208.6652,-187.8193,1007.0,160.733,348.0,17.0,3.824
83,729.0,-47.35195,-192.7356,1515.0,256.8033,563.0,18.0,1.84404
84,732.0,-190.9066,-188.5911,1246.0,146.8767,427.0,15.0,4.5954999999999995
85,745.0,-178.3998,-206.3499,132.0,44.34015,96.0,6.0,3.633
86,747.0,-111.1228,-201.7541,529.0,84.98528,184.0,7.0,3.13
87,755.0,-135.2557,-192.8456,2284.0,181.0556,392.0,12.0,3.4226666666666667
88,763.0,-41.48302,-211.9727,234.0,117.3166,254.0,13.0,3.133
89,766.0,-14.19797,-203.8611,891.0,113.6459,250.0,14.0,2.884
90,790.0,-112.5545,-214.6251,261.0,64.66271,140.0,8.0,3.308
91,804.0,-211.5963,-209.5877,828.0,176.4368,422.0,16.0,3.987
92,809.0,-142.1596,-218.5086,533.0,101.6128,249.0,16.0,3.396
93,819.0,-241.8163,-207.0378,3257.0,251.2851,535.0,9.0,3.5635999999999997
94,821.0,-52.57276,-225.7706,478.0,93.29906,230.0,10.0,3.008
95,832.0,-261.6727,-223.3319,2221.0,191.9482,367.0,5.0,3.157666666666666
96,837.0,-132.645,-232.8268,251.0,73.90024,160.0,7.0,3.3775000000000004
97,849.0,-60.65803,-240.9905,528.0,98.84157,313.0,9.0,4.078
98,854.0,-175.011,-233.8887,1119.0,131.1729,284.0,9.0,3.7355
99,862.0,-145.8113,-242.9493,476.0,84.06153,182.0,9.0,3.682
100,863.0,-24.93591,-236.5951,1149.0,130.2492,289.0,10.0,2.6595
101,865.0,-89.08378,-228.4084,2306.0,319.6185,798.0,31.0,3.952
102,869.0,-194.872,-238.3977,1048.0,121.9354,264.0,11.0,3.8205
103,887.0,-260.8826,-252.1758,1156.0,124.1696,251.0,6.0,3.035
104,903.0,-144.595,-264.4319,259.0,81.29027,176.0,9.0,3.543
105,931.0,-120.3371,-262.5839,544.0,133.0204,288.0,13.0,3.372
106,942.0,-95.14468,-264.5406,1225.0,153.343,339.0,10.0,3.659
107,945.0,-176.9968,-269.3859,819.0,114.5454,248.0,8.0,3.679
108,948.0,-227.1608,-255.5348,1856.0,189.3694,410.0,15.0,3.8049999999999997
109,952.0,-91.79006,-274.0545,395.0,131.1729,284.0,13.0,0.04278
110,968.0,-253.9929,-275.4458,1816.0,171.9329,367.0,9.0,3.3605
111,971.0,-175.759,-285.9364,385.0,84.98528,184.0,6.0,3.753
112,976.0,-200.442,-271.9868,1233.0,134.8679,292.0,9.0,1.548
113,978.0,-55.7112,-264.5094,1543.0,186.5981,424.0,23.0,3.2206666666666663
114,980.0,-26.52821,-279.9578,210.0,112.6979,244.0,10.0,2.805
115,983.0,-128.9803,-279.6095,748.0,121.0116,291.0,20.0,3.388
116,988.0,-256.405,-289.2543,514.0,131.321,276.0,3.0,3.879
117,993.0,-143.6982,-287.2834,182.0,66.51022,144.0,9.0,3.642
118,996.0,-42.02556,-275.585,1910.0,201.3782,475.0,15.0,3.4619999999999997
119,998.0,-81.22942,-282.8325,668.0,114.5454,266.0,24.0,4.016
120,1000.0,-194.9764,-288.8873,326.0,84.06153,182.0,11.0,3.97
121,1001.0,-211.0883,-291.5015,129.0,48.03516,104.0,6.0,3.873
122,1009.0,-18.11145,-285.2796,1035.0,153.6722,320.0,12.0,2.966
123,1012.0,-107.6008,-292.6766,423.0,84.06153,182.0,8.0,7.079
124,1015.0,-75.25612,-295.1976,295.0,72.97649,158.0,8.0,4.034
125,1024.0,-162.0744,-303.5295,141.0,48.03516,104.0,7.0,3.678
126,1027.0,-191.1679,-306.2157,99.0,53.57768,116.0,6.0,3.603
127,1040.0,-127.9082,-301.6945,417.0,82.21402,178.0,11.0,3.572
128,1049.0,-210.1864,-307.3381,552.0,89.60404,194.0,15.0,3.88
129,1057.0,-143.2344,-310.5531,684.0,95.14656,206.0,8.0,3.49
130,1081.0,-247.7424,-306.7673,2312.0,222.8388,471.0,20.0,3.2783333333333338
131,1.0,-0.01895424,0.06838719,1.0,3.695012,5.0,1.0,0.0
132,2.0,-85.90903,-0.7999936,1.0,2.771259,6.0,1.0,0.0
133,3.0,-85.90903,-2.399981,1.0,2.771259,6.0,2.0,0.0
134,4.0,-141.3357,-0.8527744,10.0,13.0563,24.0,3.0,0.0
135,5.0,-85.90903,-3.199974,1.0,2.771259,6.0,3.0,0.0
136,6.0,-85.90903,-3.999968,1.0,2.771259,6.0,2.0,0.0
137,7.0,-45.84892,-1.615458,26.0,21.37008,40.0,4.0,0.0
138,8.0,-274.28,-1.960737,45.0,25.77962,41.0,2.0,0.0
139,9.0,-39.4913,-2.713931,37.0,24.60321,49.0,3.0,0.0
140,10.0,-42.91045,-2.722916,39.0,25.98884,50.0,4.0,0.0
141,11.0,-89.73063,-2.982582,38.0,25.98884,52.0,4.0,0.0
142,12.0,-157.7712,-2.010786,186.0,68.01961,109.0,4.0,0.0
143,13.0,-89.89272,-6.19995,8.0,12.00879,26.0,3.0,0.0
144,14.0,-218.7346,-2.310994,80.0,35.68825,61.0,3.0,0.0
145,15.0,-276.4881,-6.399949,2.0,4.833123,8.0,3.0,0.0
146,16.0,-36.13073,-3.417493,54.0,30.60761,60.0,3.0,0.0
147,17.0,-33.50278,-3.741767,25.0,30.60761,62.0,3.0,0.0
148,18.0,-218.2367,-8.399933,1.0,2.771259,6.0,2.0,0.0
149,19.0,-85.21622,-9.199926,1.0,2.771259,6.0,4.0,0.0
150,20.0,-85.01725,-3.892941,72.0,41.69265,104.0,10.0,0.0
151,21.0,-84.02853,-9.085642,7.0,9.23753,20.0,4.0,0.0
152,22.0,-85.21622,-9.99992,1.0,2.771259,6.0,4.0,0.0
153,23.0,-93.32794,-4.875863,50.0,30.60761,64.0,6.0,0.0
154,24.0,-150.298,-5.639461,162.0,56.34894,122.0,5.0,0.0
155,25.0,-175.975,-9.599923,1.0,2.771259,6.0,1.0,0.0
156,26.0,-178.0534,-9.733255,3.0,6.466271,14.0,1.0,0.0
157,27.0,-180.1318,-9.599923,1.0,2.771259,6.0,1.0,0.0
158,28.0,-183.2495,-9.799922,6.0,12.00879,26.0,1.0,0.0
159,29.0,-186.3672,-9.99992,1.0,2.771259,6.0,1.0,0.0
160,30.0,-187.7528,-9.99992,1.0,2.771259,6.0,1.0,0.0
161,31.0,-212.4366,-5.199375,90.0,36.612,75.0,5.0,0.0
162,32.0,-257.3926,-3.472041,61.0,36.15013,70.0,2.0,0.0
163,33.0,-15.24193,-10.39992,1.0,2.771259,6.0,1.0,0.0
164,34.0,-78.55058,-4.192794,148.0,45.84953,83.0,2.0,0.0
165,35.0,-92.83718,-10.39992,3.0,6.466271,14.0,3.0,0.0
166,36.0,-216.1582,-8.159935,25.0,19.39881,42.0,6.0,0.0
167,37.0,-42.2617,-11.59991,1.0,2.771259,6.0,3.0,0.0
168,38.0,-84.5234,-11.19991,1.0,2.771259,6.0,2.0,0.0
169,39.0,-89.05606,-8.894844,59.0,28.63634,62.0,9.0,0.0
170,40.0,-31.18525,-5.176751,87.0,44.00203,91.0,5.0,0.0
171,41.0,-42.95452,-11.9999,1.0,2.771259,6.0,3.0,0.0
172,42.0,-84.5234,-11.9999,1.0,2.771259,6.0,5.0,0.0
173,43.0,-101.8257,-4.93788,285.0,62.01521,108.0,5.0,0.0
174,44.0,-15.93474,-13.19989,1.0,2.771259,6.0,1.0,0.0
175,45.0,-61.66051,-13.19989,1.0,2.771259,6.0,1.0,0.0
176,46.0,-69.28949,-6.492849,61.0,42.6164,90.0,3.0,0.0
177,47.0,-84.5234,-12.7999,1.0,2.771259,6.0,4.0,0.0
178,48.0,-85.73583,-12.8999,4.0,7.390024,16.0,5.0,0.0
179,49.0,-122.6282,-13.19989,1.0,2.771259,6.0,3.0,0.0
180,50.0,-131.2469,-5.147248,405.0,76.33338,137.0,7.0,0.0
181,51.0,-168.354,-13.19989,1.0,2.771259,6.0,3.0,0.0
182,52.0,-64.43177,-13.99989,1.0,2.771259,6.0,1.0,0.0
183,53.0,-75.96173,-7.771158,162.0,86.95654,180.0,14.0,0.0
184,54.0,-83.83059,-13.99989,1.0,2.771259,6.0,4.0,0.0
185,55.0,-84.5234,-13.59989,1.0,2.771259,6.0,5.0,0.0
186,56.0,-121.8199,-12.5999,6.0,10.16128,22.0,4.0,0.0
187,57.0,-188.3676,-6.021861,972.0,128.5254,286.0,12.0,0.0
188,58.0,-273.3469,-13.45444,11.0,15.7038,34.0,2.0,0.0
189,59.0,-66.43729,-7.03204,95.0,50.00642,102.0,3.0,0.0
190,60.0,-82.35258,-12.98656,15.0,13.8563,30.0,7.0,0.0
191,61.0,-83.83059,-14.79988,1.0,2.771259,6.0,5.0,0.0
192,62.0,-106.6332,-12.76512,23.0,23.09383,50.0,3.0,0.0
193,63.0,-83.83059,-15.59988,1.0,2.771259,6.0,2.0,0.0
194,64.0,-86.60185,-15.59988,1.0,2.771259,6.0,2.0,0.0
195,65.0,-119.3085,-12.7499,24.0,27.71259,60.0,4.0,0.0
196,66.0,-122.6282,-15.59988,1.0,2.771259,6.0,3.0,0.0
197,67.0,-18.45075,-9.249049,57.0,46.18765,100.0,3.0,0.0
198,68.0,-27.32419,-13.39989,66.0,35.10262,76.0,5.0,0.0
199,69.0,-61.34633,-6.656684,169.0,62.01521,131.0,5.0,0.0
200,70.0,-121.9354,-15.99987,1.0,2.771259,6.0,5.0,0.0
201,71.0,-231.4361,-6.462549,471.0,78.18089,143.0,5.0,0.0
202,72.0,-241.7885,-7.80601,121.0,58.78208,121.0,4.0,0.0
203,73.0,-112.9288,-17.19986,1.0,2.771259,6.0,3.0,0.0
204,74.0,-135.4532,-12.06018,219.0,105.3078,228.0,11.0,0.0
205,75.0,-121.9354,-16.79987,1.0,2.771259,6.0,4.0,0.0
206,76.0,-238.6747,-16.59987,2.0,4.618765,10.0,2.0,0.0
207,77.0,-245.7623,-8.38646,134.0,59.70583,123.0,3.0,0.0
208,78.0,-265.0511,-8.619553,493.0,83.26153,168.0,7.0,0.0
209,79.0,-121.9354,-17.59986,1.0,2.771259,6.0,4.0,0.0
210,80.0,-149.9102,-11.92182,251.0,128.4017,278.0,9.0,0.0
211,81.0,-153.1121,-17.99986,1.0,2.771259,6.0,1.0,0.0
212,82.0,-206.8504,-13.93032,69.0,46.18765,100.0,5.0,0.0
213,83.0,-0.1693547,-18.23985,3.0,6.680629,12.0,2.0,0.0
214,86.0,-117.1265,-17.52927,34.0,26.78884,58.0,7.0,0.0
215,87.0,-250.6504,-9.912081,224.0,66.63398,138.0,6.0,0.0
216,88.0,-83.13777,-19.19985,1.0,2.771259,6.0,3.0,0.0
217,89.0,-151.7264,-19.59984,1.0,2.771259,6.0,1.0,0.0
218,90.0,-61.24483,-19.35984,5.0,9.23753,20.0,3.0,0.0
219,91.0,-83.13777,-19.99984,1.0,2.771259,6.0,3.0,0.0
220,92.0,-44.1477,-13.03323,72.0,43.41639,94.0,8.0,0.0
221,93.0,-81.49732,-17.29641,87.0,45.2639,98.0,10.0,0.0
222,94.0,-218.9295,-20.79983,1.0,2.771259,6.0,2.0,0.0
223,95.0,-63.55001,-19.27257,22.0,18.47506,40.0,5.0,0.0
224,96.0,-184.9848,-16.14334,421.0,124.7067,270.0,9.0,0.0
225,97.0,-245.5762,-19.81523,13.0,12.93254,28.0,3.0,0.0
226,98.0,-1.396798,-15.22475,62.0,43.99314,84.0,4.0,0.0
227,99.0,-82.44496,-22.79982,1.0,2.771259,6.0,2.0,0.0
228,100.0,-13.26044,-9.457537,890.0,154.448,304.0,12.0,0.0
229,101.0,-82.44496,-23.59981,1.0,2.771259,6.0,2.0,0.0
230,102.0,-209.9229,-23.59981,1.0,2.771259,6.0,3.0,0.0
231,103.0,-7.620963,-24.3998,1.0,2.771259,6.0,3.0,0.0
232,104.0,-10.39222,-24.3998,1.0,2.771259,6.0,2.0,0.0
233,105.0,-63.73896,-23.99981,1.0,2.771259,6.0,3.0,0.0
234,106.0,-218.2367,-24.3998,1.0,2.771259,6.0,2.0,0.0
235,107.0,-219.6223,-24.3998,1.0,2.771259,6.0,2.0,0.0
236,108.0,-10.39222,-25.1998,1.0,2.771259,6.0,3.0,0.0
237,109.0,-63.73896,-24.7998,1.0,2.771259,6.0,4.0,0.0
238,110.0,-189.274,-21.10418,46.0,35.10262,76.0,3.0,0.0
239,111.0,-210.6157,-24.7998,1.0,2.771259,6.0,4.0,0.0
240,112.0,-211.3085,-25.1998,1.0,2.771259,6.0,3.0,0.0
241,113.0,-10.39222,-25.99979,1.0,2.771259,6.0,3.0,0.0
242,114.0,-63.04614,-25.99979,1.0,2.771259,6.0,3.0,0.0
243,115.0,-63.73896,-25.59979,1.0,2.771259,6.0,3.0,0.0
244,116.0,-209.5765,-25.3998,2.0,4.618765,10.0,2.0,0.0
245,117.0,-214.7961,-16.92776,441.0,118.2404,256.0,13.0,0.0
246,118.0,-0.8074984,-22.65288,31.0,22.31811,40.0,4.0,0.0
247,119.0,-9.699407,-26.39979,1.0,2.771259,6.0,2.0,0.0
248,120.0,-62.35333,-26.39979,1.0,2.771259,6.0,3.0,0.0
249,121.0,-74.47759,-26.19979,2.0,4.618765,10.0,2.0,0.0
250,123.0,-202.9947,-24.83616,11.0,12.00879,26.0,3.0,0.0
251,124.0,-245.2564,-26.39979,1.0,2.771259,6.0,2.0,0.0
252,125.0,-62.35333,-27.19978,1.0,2.771259,6.0,2.0,0.0
253,126.0,-75.51681,-27.59978,1.0,2.771259,6.0,1.0,0.0
254,127.0,-119.1641,-27.19978,1.0,2.771259,6.0,1.0,0.0
255,128.0,-175.8109,-23.90507,38.0,24.94133,54.0,2.0,0.0
256,129.0,-213.0405,-26.99978,2.0,4.618765,10.0,2.0,0.0
257,130.0,-7.620963,-28.39977,1.0,2.771259,6.0,3.0,0.0
258,131.0,-61.66051,-28.39977,1.0,2.771259,6.0,2.0,0.0
259,132.0,-70.86958,-20.23787,284.0,61.89145,134.0,14.0,0.0
260,134.0,-237.3192,-24.61719,46.0,33.25511,72.0,3.0,0.0
261,135.0,-240.0359,-21.15042,170.0,54.50143,118.0,13.0,0.0
262,136.0,-7.620963,-29.19977,1.0,2.771259,6.0,3.0,0.0
263,137.0,-62.35333,-28.79977,1.0,2.771259,6.0,2.0,0.0
264,138.0,-242.4852,-28.79977,1.0,2.771259,6.0,3.0,0.0
265,139.0,-254.2223,-21.76192,306.0,75.74775,164.0,9.0,0.0
266,140.0,-2.771259,-28.39977,16.0,17.55131,38.0,2.0,0.0
267,141.0,-68.71857,-29.22477,16.0,16.62755,36.0,3.0,0.0
268,143.0,-269.5049,-30.39976,2.0,4.618765,10.0,3.0,0.0
269,144.0,-272.0139,-21.36921,302.0,76.19185,142.0,7.0,0.0
270,145.0,-4.849703,-31.59975,1.0,2.771259,6.0,2.0,0.0
271,146.0,-5.542518,-31.19975,1.0,2.771259,6.0,3.0,0.0
272,147.0,-40.18326,-31.19975,1.0,2.771259,6.0,2.0,0.0
273,148.0,-40.87607,-31.59975,1.0,2.771259,6.0,3.0,0.0
274,149.0,-41.56889,-31.19975,1.0,2.771259,6.0,3.0,0.0
275,150.0,-167.6612,-31.99974,1.0,2.771259,6.0,3.0,0.0
276,151.0,-207.9263,-27.8725,110.0,41.56889,90.0,12.0,0.0
277,152.0,-6.789585,-32.39974,5.0,8.313777,18.0,3.0,0.0
278,153.0,-62.35333,-32.79974,1.0,2.771259,6.0,1.0,0.0
279,154.0,-65.78854,-29.01643,24.0,22.17007,48.0,4.0,0.0
280,155.0,-73.43837,-31.59975,4.0,8.313777,18.0,2.0,0.0
281,156.0,-97.00262,-20.04428,324.0,73.90024,160.0,11.0,0.0
282,157.0,-181.5175,-32.39974,2.0,4.618765,10.0,3.0,0.0
283,158.0,-0.6360931,-33.97868,3.0,6.804388,13.0,1.0,0.0
284,159.0,-3.464074,-34.79972,1.0,2.771259,6.0,1.0,0.0
285,160.0,-5.542518,-35.19972,1.0,2.771259,6.0,1.0,0.0
286,162.0,-159.5783,-28.57501,210.0,87.75654,190.0,3.0,0.0
287,163.0,-181.2096,-34.5775,9.0,12.00879,26.0,5.0,0.0
288,165.0,-263.2696,-35.99971,1.0,2.771259,6.0,2.0,0.0
289,166.0,-111.8434,-15.86854,565.0,128.5254,266.0,14.0,0.0
290,167.0,-109.9023,-35.53656,19.0,17.55131,38.0,3.0,0.0
291,168.0,-205.6693,-32.06486,43.0,36.02637,78.0,4.0,0.0
292,169.0,-43.96052,-30.1477,73.0,44.34015,96.0,5.0,0.0
293,170.0,-78.98088,-37.5997,1.0,2.771259,6.0,3.0,0.0
294,171.0,-79.6737,-37.9997,1.0,2.771259,6.0,3.0,0.0
295,172.0,-78.98088,-38.39969,1.0,2.771259,6.0,3.0,0.0
296,173.0,-170.2345,-33.20608,63.0,37.87387,82.0,6.0,0.0
297,175.0,-98.70025,-35.88628,67.0,35.10262,76.0,4.0,0.0
298,176.0,-115.7001,-39.59968,1.0,2.771259,6.0,1.0,0.0
299,177.0,-168.4339,-36.75355,26.0,21.24632,46.0,5.0,0.0
300,179.0,-82.44496,-40.39968,1.0,2.771259,6.0,2.0,0.0
301,180.0,-171.3562,-39.33302,12.0,15.7038,34.0,5.0,0.0
302,181.0,-78.98088,-40.79967,1.0,2.771259,6.0,1.0,0.0
303,182.0,-93.87032,-34.96814,57.0,38.79763,84.0,5.0,0.0
304,184.0,-135.6823,-38.8839,19.0,27.71259,60.0,1.0,0.0
305,185.0,-176.9449,-38.99969,20.0,18.47506,40.0,3.0,0.0
306,186.0,-257.0343,-39.10936,31.0,28.63634,62.0,3.0,0.0
307,187.0,-78.28807,-42.79966,1.0,2.771259,6.0,1.0,0.0
308,188.0,-115.0073,-42.39966,1.0,2.771259,6.0,2.0,0.0
309,189.0,-44.34015,-43.19965,1.0,2.771259,6.0,1.0,0.0
310,190.0,-179.2015,-38.73112,35.0,26.78884,58.0,6.0,0.0
311,191.0,-81.54837,-41.90555,17.0,16.62755,36.0,3.0,0.0
312,192.0,-160.733,-43.99965,1.0,2.771259,6.0,1.0,0.0
313,193.0,-52.66596,-35.71882,403.0,74.824,162.0,5.0,0.0
314,194.0,-173.9718,-41.7301,46.0,26.78884,58.0,6.0,0.0
315,195.0,-185.7177,-39.72468,48.0,41.56889,90.0,2.0,0.0
316,196.0,-76.90244,-46.79963,1.0,2.771259,6.0,3.0,0.0
317,197.0,-77.59525,-46.39963,1.0,2.771259,6.0,4.0,0.0
318,198.0,-68.42382,-38.57762,290.0,66.51022,144.0,9.0,0.0
319,199.0,-73.57693,-44.23965,20.0,21.24632,46.0,2.0,0.0
320,200.0,-77.59525,-47.19962,1.0,2.771259,6.0,5.0,0.0
321,201.0,-78.63448,-46.99962,4.0,6.466271,14.0,5.0,0.0
322,202.0,-30.17542,-30.55524,602.0,109.9266,238.0,4.0,0.0
323,203.0,-77.59525,-47.99962,1.0,2.771259,6.0,4.0,0.0
324,205.0,-76.90244,-49.19961,1.0,2.771259,6.0,3.0,0.0
325,206.0,-77.59525,-48.79961,1.0,2.771259,6.0,3.0,0.0
326,207.0,-76.90244,-49.9996,1.0,2.771259,6.0,3.0,0.0
327,208.0,-105.2171,-46.42344,84.0,40.64513,88.0,2.0,0.0
328,209.0,-269.4795,-41.80884,109.0,54.50143,118.0,2.0,0.0
329,210.0,-76.90244,-50.79959,1.0,2.771259,6.0,2.0,0.0
330,212.0,-177.4843,-46.69963,28.0,23.09383,50.0,5.0,0.0
331,213.0,-256.8033,-49.33294,6.0,11.08504,24.0,4.0,0.0
332,214.0,-38.79763,-51.19959,1.0,2.771259,6.0,1.0,0.0
333,215.0,-127.755,-49.6796,10.0,13.8563,30.0,3.0,0.0
334,216.0,-168.3891,-46.96165,79.0,51.73017,119.0,6.0,0.0
335,217.0,-256.3415,-51.19959,1.0,2.771259,6.0,3.0,0.0
336,218.0,-4.357417,-39.37606,438.0,117.2989,244.0,15.0,0.0
337,219.0,-76.90244,-52.39958,1.0,2.771259,6.0,1.0,0.0
338,220.0,-146.9489,-49.84127,48.0,36.02637,78.0,5.0,0.0
339,221.0,-156.2927,-50.1996,22.0,31.4076,68.0,2.0,0.0
340,222.0,-257.4797,-50.48531,14.0,22.17007,48.0,7.0,0.0
341,223.0,-76.20963,-53.59957,1.0,2.771259,6.0,2.0,0.0
342,224.0,-247.9611,-49.05345,52.0,43.41639,94.0,3.0,0.0
343,225.0,-255.6487,-53.46624,3.0,6.466271,14.0,4.0,0.0
344,226.0,-13.7939,-35.47739,533.0,103.4603,243.0,12.0,0.0
345,227.0,-76.20963,-54.39956,1.0,2.771259,6.0,3.0,0.0
346,228.0,-76.20963,-55.19956,1.0,2.771259,6.0,3.0,0.0
347,229.0,-88.68029,-54.79956,2.0,4.618765,10.0,1.0,0.0
348,230.0,-109.8111,-54.19957,6.0,10.16128,22.0,3.0,0.0
349,232.0,-76.20963,-55.99955,1.0,2.771259,6.0,2.0,0.0
350,234.0,-89.37311,-56.79955,2.0,4.618765,10.0,1.0,0.0
351,235.0,-263.5467,-55.99955,5.0,9.23753,20.0,3.0,0.0
352,236.0,-75.51681,-57.99954,1.0,2.771259,6.0,2.0,0.0
353,238.0,-75.51681,-58.79953,1.0,2.771259,6.0,3.0,0.0
354,239.0,-90.06592,-58.39953,1.0,2.771259,6.0,1.0,0.0
355,240.0,-101.8028,-46.73249,423.0,114.5454,248.0,9.0,0.0
356,241.0,-75.51681,-59.59952,1.0,2.771259,6.0,2.0,0.0
357,242.0,-116.3929,-59.19953,1.0,2.771259,6.0,2.0,0.0
358,243.0,-268.4764,-45.66643,693.0,151.4446,302.0,14.0,0.0
359,244.0,-88.12105,-51.50382,472.0,81.29027,205.0,13.0,0.0
360,246.0,-179.439,-61.9995,1.0,2.771259,6.0,2.0,0.0
361,247.0,-248.2894,-59.95508,45.0,30.48385,66.0,2.0,0.0
362,248.0,-63.73896,-62.3995,1.0,2.771259,6.0,2.0,0.0
363,249.0,-124.0138,-62.7995,1.0,2.771259,6.0,3.0,0.0
364,251.0,-228.6289,-63.19949,1.0,2.771259,6.0,3.0,0.0
365,252.0,-229.8774,-59.42869,96.0,44.34015,96.0,5.0,0.0
366,253.0,-133.6648,-55.75639,329.0,73.90024,160.0,7.0,0.0
367,254.0,-132.3276,-65.19948,1.0,2.771259,6.0,1.0,0.0
368,255.0,-147.5695,-65.19948,1.0,2.771259,6.0,2.0,0.0
369,256.0,-147.5695,-65.99947,1.0,2.771259,6.0,4.0,0.0
370,258.0,-147.5695,-66.79947,1.0,2.771259,6.0,3.0,0.0
371,259.0,-73.90024,-66.66613,3.0,6.466271,14.0,3.0,0.0
372,260.0,-147.5695,-67.59946,1.0,2.771259,6.0,3.0,0.0
373,261.0,-73.43837,-67.99946,1.0,2.771259,6.0,3.0,0.0
374,262.0,-74.13118,-68.39945,1.0,2.771259,6.0,2.0,0.0
375,263.0,-147.916,-68.19945,2.0,4.618765,10.0,2.0,0.0
376,264.0,-160.3458,-56.13175,823.0,131.1729,284.0,9.0,0.0
377,265.0,-58.79202,-62.99599,57.0,35.10262,76.0,4.0,0.0
378,266.0,-81.53897,-67.13792,26.0,22.17007,48.0,5.0,0.0
379,267.0,-73.43837,-69.59944,1.0,2.771259,6.0,2.0,0.0
380,268.0,-80.36651,-69.59944,1.0,2.771259,6.0,3.0,0.0
381,269.0,-142.027,-69.99944,1.0,2.771259,6.0,1.0,0.0
382,270.0,-145.1447,-68.99945,4.0,8.313777,18.0,1.0,0.0
383,271.0,-148.2624,-69.59944,1.0,2.771259,6.0,3.0,0.0
384,272.0,-36.71918,-70.79943,1.0,2.771259,6.0,1.0,0.0
385,273.0,-73.43837,-70.39944,1.0,2.771259,6.0,3.0,0.0
386,274.0,-88.32522,-64.72448,80.0,37.87387,82.0,5.0,0.0
387,275.0,-148.2624,-70.39944,1.0,2.771259,6.0,2.0,0.0
388,276.0,-73.43837,-71.19943,1.0,2.771259,6.0,2.0,0.0
389,277.0,-92.57196,-67.57133,128.0,46.18765,100.0,5.0,0.0
390,278.0,-59.58207,-72.79942,1.0,2.771259,6.0,2.0,0.0
391,279.0,-60.27489,-73.19941,1.0,2.771259,6.0,2.0,0.0
392,280.0,-122.0606,-65.24767,83.0,45.2639,98.0,5.0,0.0
393,282.0,-87.05881,-71.88879,94.0,53.57768,116.0,7.0,0.0
394,283.0,-126.0923,-74.3994,1.0,2.771259,6.0,3.0,0.0
395,284.0,-149.648,-74.3994,1.0,2.771259,6.0,1.0,0.0
396,286.0,-269.935,-66.1374,145.0,48.95891,106.0,5.0,0.0
397,287.0,-274.9067,-67.15893,110.0,43.12683,77.0,3.0,0.0
398,288.0,-105.3078,-75.1994,1.0,2.771259,6.0,3.0,0.0
399,289.0,-146.1839,-75.59939,1.0,2.771259,6.0,2.0,0.0
400,290.0,-150.3408,-75.59939,1.0,2.771259,6.0,2.0,0.0
401,292.0,-72.05274,-75.99939,1.0,2.771259,6.0,2.0,0.0
402,293.0,-89.37311,-76.39939,1.0,2.771259,6.0,1.0,0.0
403,294.0,-105.3078,-75.99939,1.0,2.771259,6.0,3.0,0.0
404,295.0,-150.3408,-76.39939,1.0,2.771259,6.0,3.0,0.0
405,296.0,-72.05274,-76.79938,1.0,2.771259,6.0,2.0,0.0
406,297.0,-104.615,-77.19938,1.0,2.771259,6.0,3.0,0.0
407,298.0,-105.3078,-76.79938,1.0,2.771259,6.0,3.0,0.0
408,299.0,-150.3408,-77.19938,1.0,2.771259,6.0,4.0,0.0
409,302.0,-249.1164,-75.94225,7.0,10.16128,22.0,1.0,0.0
410,303.0,-104.615,-77.99938,1.0,2.771259,6.0,3.0,0.0
411,304.0,-138.0053,-71.65308,164.0,77.59525,194.0,13.0,0.0
412,305.0,-149.0311,-75.66515,73.0,48.03516,111.0,8.0,0.0
413,306.0,-150.3408,-77.99938,1.0,2.771259,6.0,3.0,0.0
414,308.0,-225.8576,-77.59938,1.0,2.771259,6.0,2.0,0.0
415,310.0,-104.615,-78.79937,1.0,2.771259,6.0,3.0,0.0
416,311.0,-140.7983,-74.6384,159.0,68.35772,148.0,9.0,0.0
417,312.0,-151.0336,-78.39937,1.0,2.771259,6.0,3.0,0.0
418,313.0,-103.9222,-79.19937,1.0,2.771259,6.0,3.0,0.0
419,314.0,-151.0336,-79.19937,1.0,2.771259,6.0,2.0,0.0
420,315.0,-184.9081,-76.29636,66.0,36.02637,78.0,4.0,0.0
421,316.0,-190.9398,-77.11938,30.0,22.17007,48.0,4.0,0.0
422,317.0,-221.7896,-69.48252,390.0,83.13777,180.0,9.0,0.0
423,318.0,-103.9222,-79.99936,1.0,2.771259,6.0,3.0,0.0
424,319.0,-264.6552,-79.99936,1.0,2.771259,6.0,2.0,0.0
425,320.0,-6.440701,-65.00561,663.0,94.04812,177.0,6.0,0.0
426,321.0,-103.9222,-80.79935,1.0,2.771259,6.0,2.0,0.0
427,322.0,-127.8936,-79.19937,10.0,12.00879,26.0,4.0,0.0
428,323.0,-220.0002,-79.81754,11.0,12.93254,28.0,3.0,0.0
429,324.0,-103.2294,-81.99934,1.0,2.771259,6.0,2.0,0.0
430,325.0,-19.50433,-73.43275,348.0,69.28148,150.0,4.0,0.0
431,327.0,-103.2294,-82.79934,1.0,2.771259,6.0,3.0,0.0
432,328.0,-103.2294,-83.59933,1.0,2.771259,6.0,3.0,0.0
433,329.0,-179.6648,-76.43984,89.0,55.42518,120.0,4.0,0.0
434,330.0,-237.6355,-83.59933,1.0,2.771259,6.0,2.0,0.0
435,331.0,-12.06606,-79.63776,125.0,44.34015,96.0,6.0,0.0
436,332.0,-103.2294,-84.39932,1.0,2.771259,6.0,2.0,0.0
437,334.0,-163.5043,-85.59931,1.0,2.771259,6.0,2.0,0.0
438,335.0,-236.8167,-83.34479,11.0,17.55131,38.0,3.0,0.0
439,336.0,-37.45159,-82.65077,35.0,24.01758,52.0,3.0,0.0
440,337.0,-102.5366,-85.99931,2.0,4.618765,10.0,2.0,0.0
441,338.0,-162.8115,-86.7993,1.0,2.771259,6.0,3.0,0.0
442,339.0,-102.5366,-87.1993,1.0,2.771259,6.0,2.0,0.0
443,341.0,-10.16128,-84.73265,24.0,22.17007,48.0,3.0,0.0
444,342.0,-256.3187,-80.07567,304.0,91.45155,198.0,5.0,0.0
445,343.0,-34.64074,-89.59928,1.0,2.771259,6.0,4.0,0.0
446,344.0,-35.33355,-89.99928,1.0,2.771259,6.0,3.0,0.0
447,345.0,-33.94792,-90.79927,1.0,2.771259,6.0,3.0,0.0
448,346.0,-34.64074,-90.39928,1.0,2.771259,6.0,5.0,0.0
449,347.0,-71.35992,-90.79927,1.0,2.771259,6.0,4.0,0.0
450,349.0,-162.1187,-90.39928,1.0,2.771259,6.0,2.0,0.0
451,350.0,-71.35992,-91.59927,1.0,2.771259,6.0,5.0,0.0
452,351.0,-72.39914,-90.99927,2.0,4.618765,10.0,4.0,0.0
453,352.0,-104.615,-91.59927,1.0,2.771259,6.0,2.0,0.0
454,353.0,-13.4784,-87.45385,44.0,27.71259,60.0,4.0,0.0
455,354.0,-61.66051,-92.39926,1.0,2.771259,6.0,2.0,0.0
456,355.0,-56.3341,-88.20113,109.0,60.9677,132.0,4.0,0.0
457,356.0,-105.3706,-81.9287,453.0,153.343,366.0,24.0,0.0
458,358.0,-68.58866,-93.99925,1.0,2.771259,6.0,2.0,0.0
459,359.0,-101.151,-93.19925,2.0,4.618765,10.0,2.0,0.0
460,361.0,-67.89585,-94.39924,1.0,2.771259,6.0,2.0,0.0
461,362.0,-75.18965,-90.69927,36.0,32.33136,70.0,5.0,0.0
462,363.0,-89.03124,-83.4037,458.0,83.13777,187.0,9.0,0.0
463,364.0,-97.0552,-89.51693,136.0,50.80642,110.0,4.0,0.0
464,365.0,-100.4581,-95.59923,1.0,2.771259,6.0,2.0,0.0
465,366.0,-161.0794,-94.59924,6.0,10.16128,22.0,3.0,0.0
466,367.0,-88.68029,-95.99923,1.0,2.771259,6.0,2.0,0.0
467,368.0,-100.4581,-96.39923,1.0,2.771259,6.0,3.0,0.0
468,369.0,-232.4163,-94.37258,30.0,22.17007,48.0,5.0,0.0
469,370.0,-101.151,-96.79922,1.0,2.771259,6.0,2.0,0.0
470,371.0,-100.4581,-97.99922,1.0,2.771259,6.0,2.0,0.0
471,372.0,-193.2953,-96.79922,4.0,8.313777,18.0,2.0,0.0
472,373.0,-67.89585,-98.39921,1.0,2.771259,6.0,2.0,0.0
473,374.0,-99.76533,-98.39921,1.0,2.771259,6.0,2.0,0.0
474,375.0,-112.236,-98.39921,1.0,2.771259,6.0,1.0,0.0
475,376.0,-67.89585,-99.19921,1.0,2.771259,6.0,3.0,0.0
476,377.0,-223.2073,-90.21198,252.0,64.66271,140.0,10.0,0.0
477,378.0,-228.7674,-97.67922,15.0,16.62755,36.0,3.0,0.0
478,379.0,-262.9925,-98.23921,5.0,10.16128,22.0,3.0,0.0
479,380.0,-124.3603,-100.1992,2.0,4.618765,10.0,2.0,0.0
480,381.0,-151.3344,-94.48542,311.0,104.3841,226.0,5.0,0.0
481,382.0,-261.2451,-93.94147,90.0,54.50143,118.0,3.0,0.0
482,384.0,-24.59655,-88.906,641.0,93.29906,202.0,12.0,0.0
483,385.0,-7.620963,-101.9992,1.0,2.771259,6.0,2.0,0.0
484,386.0,-217.8902,-98.99921,54.0,25.86508,56.0,6.0,0.0
485,387.0,-222.1308,-99.64058,29.0,19.39881,42.0,3.0,0.0
486,388.0,-5.542628,-92.27869,462.0,77.36313,146.0,8.0,0.0
487,389.0,-22.17007,-103.1992,1.0,2.771259,6.0,2.0,0.0
488,390.0,-67.89585,-102.7992,2.0,4.618765,10.0,3.0,0.0
489,391.0,-156.3452,-102.7992,3.0,5.542518,12.0,2.0,0.0
490,393.0,-66.51022,-103.9992,1.0,2.771259,6.0,2.0,0.0
491,394.0,-67.89585,-103.9992,1.0,2.771259,6.0,3.0,0.0
492,395.0,-66.51022,-104.7992,1.0,2.771259,6.0,4.0,0.0
493,396.0,-67.20303,-105.1992,1.0,2.771259,6.0,4.0,0.0
494,397.0,-124.0138,-105.1992,1.0,2.771259,6.0,3.0,0.0
495,398.0,-216.9376,-103.1492,16.0,15.7038,34.0,5.0,0.0
496,399.0,-66.51022,-105.5992,1.0,2.771259,6.0,4.0,0.0
497,401.0,-216.1582,-105.5992,1.0,2.771259,6.0,4.0,0.0
498,402.0,-271.5119,-97.47673,284.0,59.32567,115.0,4.0,0.0
499,403.0,-275.6003,-105.2355,7.0,9.451888,18.0,3.0,0.0
500,404.0,-276.4881,-105.9992,1.0,3.109376,5.0,3.0,0.0
501,407.0,-137.8701,-106.7991,1.0,2.771259,6.0,1.0,0.0
502,408.0,-151.0336,-106.3991,1.0,2.771259,6.0,1.0,0.0
503,409.0,-214.9615,-105.4173,11.0,12.93254,28.0,4.0,0.0
504,410.0,-65.8174,-107.5991,1.0,2.771259,6.0,2.0,0.0
505,411.0,-129.9028,-107.3991,2.0,4.618765,10.0,1.0,0.0
506,412.0,-132.3276,-107.3325,3.0,6.466271,14.0,1.0,0.0
507,413.0,-136.1381,-106.9991,2.0,4.618765,10.0,1.0,0.0
508,414.0,-212.7464,-103.1765,53.0,27.71259,60.0,7.0,0.0
509,415.0,-66.51022,-107.9991,1.0,2.771259,6.0,3.0,0.0
510,416.0,-94.11622,-107.0761,13.0,12.93254,28.0,3.0,0.0
511,417.0,-126.7851,-108.3991,1.0,2.771259,6.0,2.0,0.0
512,418.0,-127.1315,-107.7991,4.0,8.313777,18.0,4.0,0.0
513,419.0,-134.637,-107.8658,3.0,6.466271,14.0,1.0,0.0
514,420.0,-136.4845,-108.3991,1.0,2.771259,6.0,1.0,0.0
515,421.0,-138.2165,-108.1991,2.0,4.618765,10.0,1.0,0.0
516,422.0,-139.9486,-107.9991,1.0,2.771259,6.0,1.0,0.0
517,423.0,-147.1019,-106.7691,40.0,57.27269,131.0,4.0,0.0
518,424.0,-232.153,-102.5405,150.0,47.1114,102.0,8.0,0.0
519,425.0,-32.56229,-109.1991,1.0,2.771259,6.0,2.0,0.0
520,426.0,-65.8174,-109.1991,1.0,2.771259,6.0,3.0,0.0
521,427.0,-183.2229,-104.8453,52.0,53.57768,116.0,4.0,0.0
522,428.0,-224.0197,-105.2492,144.0,47.1114,102.0,8.0,0.0
523,429.0,-231.6773,-108.4791,5.0,8.313777,18.0,4.0,0.0
524,430.0,-233.4786,-109.1991,1.0,2.771259,6.0,5.0,0.0
525,431.0,-20.09163,-109.9991,1.0,2.771259,6.0,2.0,0.0
526,432.0,-32.56229,-109.9991,1.0,2.771259,6.0,3.0,0.0
527,433.0,-65.8174,-109.9991,1.0,2.771259,6.0,3.0,0.0
528,434.0,-96.99407,-109.5991,1.0,2.771259,6.0,4.0,0.0
529,435.0,-97.68688,-109.9991,1.0,2.771259,6.0,4.0,0.0
530,437.0,-122.7244,-107.8102,36.0,22.17007,48.0,7.0,0.0
531,438.0,-125.3995,-109.5991,2.0,4.618765,10.0,4.0,0.0
532,439.0,-276.3786,-108.4577,6.0,10.92812,19.0,3.0,0.0
533,440.0,-31.86948,-110.3991,1.0,2.771259,6.0,2.0,0.0
534,441.0,-96.99407,-110.3991,1.0,2.771259,6.0,4.0,0.0
535,442.0,-65.12459,-111.9991,1.0,2.771259,6.0,2.0,0.0
536,444.0,-264.4076,-106.4926,291.0,71.12898,154.0,8.0,0.0
537,445.0,-0.4908208,-107.9383,39.0,30.81308,54.0,3.0,0.0
538,446.0,-64.43177,-114.7991,1.0,2.771259,6.0,2.0,0.0
539,447.0,-91.37694,-110.3376,130.0,46.18765,100.0,9.0,0.0
540,448.0,-276.4881,-113.1991,5.0,10.00436,17.0,2.0,0.0
541,449.0,-86.60185,-115.5991,1.0,2.771259,6.0,2.0,0.0
542,450.0,-129.0525,-111.6961,33.0,27.71259,60.0,6.0,0.0
543,451.0,-160.0402,-115.5991,1.0,2.771259,6.0,2.0,0.0
544,452.0,-110.8762,-108.1578,295.0,86.83279,188.0,11.0,0.0
545,453.0,-11.21016,-108.3223,526.0,85.90903,186.0,9.0,0.0
546,454.0,-63.73896,-116.7991,1.0,2.771259,6.0,3.0,0.0
547,455.0,-216.851,-117.1991,1.0,2.771259,6.0,1.0,0.0
548,456.0,-251.561,-115.6391,10.0,12.93254,28.0,2.0,0.0
549,457.0,-276.4881,-117.1991,1.0,3.109376,5.0,2.0,0.0
550,458.0,-63.73896,-117.5991,1.0,2.771259,6.0,4.0,0.0
551,459.0,-86.60185,-117.9991,1.0,2.771259,6.0,2.0,0.0
552,460.0,-235.5314,-114.1769,27.0,27.71259,60.0,3.0,0.0
553,461.0,-63.73896,-118.3991,1.0,2.771259,6.0,4.0,0.0
554,464.0,-0.2901532,-117.0144,12.0,13.57562,24.0,5.0,0.0
555,465.0,-63.73896,-119.199,1.0,2.771259,6.0,3.0,0.0
556,467.0,-10.62316,-117.8657,99.0,50.80642,110.0,5.0,0.0
557,468.0,-272.2762,-120.399,1.0,2.771259,6.0,3.0,0.0
558,469.0,-63.04614,-121.199,1.0,2.771259,6.0,2.0,0.0
559,471.0,-240.4191,-114.2015,168.0,49.88266,108.0,6.0,0.0
560,472.0,-275.1599,-119.655,16.0,16.59439,32.0,5.0,0.0
561,473.0,-12.98009,-120.7402,34.0,25.86508,56.0,4.0,0.0
562,474.0,-266.0031,-118.4071,198.0,71.34334,152.0,9.0,0.0
563,475.0,-275.7241,-121.7464,9.0,10.25188,19.0,2.0,0.0
564,476.0,-6.532254,-120.8847,28.0,29.5601,64.0,5.0,0.0
565,478.0,-254.9558,-123.199,1.0,2.771259,6.0,4.0,0.0
566,479.0,-162.8115,-124.399,1.0,2.771259,6.0,3.0,0.0
567,480.0,-257.0343,-124.399,1.0,2.771259,6.0,2.0,0.0
568,481.0,-262.6814,-122.6179,53.0,43.41639,94.0,6.0,0.0
569,482.0,-260.8448,-124.599,2.0,4.618765,10.0,2.0,0.0
570,484.0,-92.14437,-126.799,1.0,2.771259,6.0,1.0,0.0
571,485.0,-201.5415,-121.4917,41.0,55.42518,120.0,2.0,0.0
572,486.0,-249.5565,-120.4924,150.0,45.2639,98.0,8.0,0.0
573,487.0,-112.9288,-129.199,1.0,2.771259,6.0,2.0,0.0
574,488.0,-255.407,-126.4176,43.0,23.09383,50.0,6.0,0.0
575,489.0,-30.48385,-129.599,1.0,2.771259,6.0,2.0,0.0
576,491.0,-60.9677,-129.599,1.0,2.771259,6.0,3.0,0.0
577,492.0,-102.1506,-124.0447,140.0,52.65392,114.0,5.0,0.0
578,494.0,-5.446477,-124.9082,156.0,46.45945,93.0,4.0,0.0
579,496.0,-60.9677,-130.399,1.0,2.771259,6.0,3.0,0.0
580,497.0,-91.45155,-130.399,1.0,2.771259,6.0,3.0,0.0
581,498.0,-150.3408,-130.799,1.0,2.771259,6.0,2.0,0.0
582,499.0,-153.1121,-130.799,1.0,2.771259,6.0,2.0,0.0
583,500.0,-4.042238,-129.0288,31.0,27.92695,58.0,3.0,0.0
584,501.0,-54.19856,-123.0416,61.0,49.88266,108.0,3.0,0.0
585,502.0,-91.45155,-131.1989,1.0,2.771259,6.0,3.0,0.0
586,504.0,-183.7349,-116.7612,633.0,147.8005,320.0,8.0,0.0
587,505.0,-3.907838,-130.8366,28.0,25.15569,52.0,3.0,0.0
588,506.0,-164.8899,-132.7989,1.0,2.771259,6.0,3.0,0.0
589,508.0,-123.6132,-126.399,147.0,74.824,162.0,2.0,0.0
590,509.0,-164.8899,-133.5989,1.0,2.771259,6.0,3.0,0.0
591,510.0,-60.27489,-134.7989,1.0,2.771259,6.0,3.0,0.0
592,511.0,-66.82152,-114.8761,296.0,120.0879,260.0,22.0,0.0
593,513.0,-60.27489,-135.5989,1.0,2.771259,6.0,3.0,0.0
594,514.0,-89.19113,-124.8939,316.0,75.74775,171.0,13.0,0.0
595,515.0,-94.51726,-130.969,80.0,41.56889,90.0,5.0,0.0
596,516.0,-164.8899,-134.7989,2.0,4.618765,10.0,2.0,0.0
597,517.0,-252.8774,-135.5989,1.0,2.771259,6.0,2.0,0.0
598,519.0,-60.27489,-136.3989,1.0,2.771259,6.0,2.0,0.0
599,520.0,-84.5234,-135.9989,1.0,2.771259,6.0,2.0,0.0
600,521.0,-57.08794,-135.8389,5.0,10.16128,22.0,2.0,0.0
601,522.0,-89.37311,-137.1989,1.0,2.771259,6.0,1.0,0.0
602,524.0,-58.88926,-138.7989,1.0,2.771259,6.0,4.0,0.0
603,526.0,-2.620895,-134.8441,84.0,32.47939,62.0,3.0,0.0
604,527.0,-57.85003,-138.9989,2.0,4.618765,10.0,4.0,0.0
605,528.0,-59.58207,-139.1989,1.0,2.771259,6.0,4.0,0.0
606,529.0,-74.01571,-136.5989,18.0,26.78884,58.0,2.0,0.0
607,530.0,-59.58207,-139.9989,1.0,2.771259,6.0,2.0,0.0
608,531.0,-88.68029,-139.9989,1.0,2.771259,6.0,2.0,0.0
609,532.0,-83.83059,-141.1989,1.0,2.771259,6.0,1.0,0.0
610,533.0,-94.22281,-140.7989,1.0,2.771259,6.0,2.0,0.0
611,535.0,-59.58207,-141.5989,1.0,2.771259,6.0,1.0,0.0
612,536.0,-87.98748,-141.9989,1.0,2.771259,6.0,2.0,0.0
613,538.0,-166.9684,-141.9989,1.0,2.771259,6.0,1.0,0.0
614,539.0,-264.8382,-136.5789,314.0,78.7908,163.0,6.0,0.0
615,540.0,-1.021727,-140.4716,21.0,16.34687,30.0,2.0,0.0
616,541.0,-38.99867,-134.2507,224.0,67.43397,146.0,6.0,0.0
617,542.0,-87.98748,-142.7989,1.0,2.771259,6.0,2.0,0.0
618,543.0,-58.88926,-143.5989,1.0,2.771259,6.0,1.0,0.0
619,544.0,-106.6935,-142.3989,3.0,6.466271,14.0,1.0,0.0
620,545.0,-87.29466,-143.9988,1.0,2.771259,6.0,1.0,0.0
621,547.0,-148.7242,-141.2789,30.0,22.17007,48.0,2.0,0.0
622,548.0,-58.19644,-145.5988,1.0,2.771259,6.0,1.0,0.0
623,549.0,-161.3269,-145.8274,14.0,16.62755,36.0,3.0,0.0
624,550.0,-168.354,-146.7988,1.0,2.771259,6.0,1.0,0.0
625,551.0,-58.19644,-147.1988,1.0,2.771259,6.0,1.0,0.0
626,552.0,-28.40541,-149.1988,1.0,2.771259,6.0,2.0,0.0
627,553.0,-162.389,-147.8232,41.0,32.33136,70.0,4.0,0.0
628,554.0,-28.40541,-149.9988,1.0,2.771259,6.0,5.0,0.0
629,555.0,-57.50363,-149.9988,1.0,2.771259,6.0,3.0,0.0
630,556.0,-73.63631,-143.8496,252.0,70.20523,152.0,8.0,0.0
631,557.0,-169.7396,-149.9988,1.0,2.771259,6.0,2.0,0.0
632,558.0,-27.71259,-150.3988,1.0,2.771259,6.0,3.0,0.0
633,559.0,-28.40541,-150.7988,1.0,2.771259,6.0,4.0,0.0
634,560.0,-29.09822,-150.3988,1.0,2.771259,6.0,3.0,0.0
635,561.0,-57.50363,-150.7988,1.0,2.771259,6.0,3.0,0.0
636,562.0,-62.09487,-145.5325,193.0,52.65392,142.0,15.0,0.0
637,563.0,-83.13777,-150.3988,1.0,2.771259,6.0,3.0,0.0
638,564.0,-152.8592,-139.3864,337.0,77.59525,168.0,9.0,0.0
639,565.0,-57.50363,-151.5988,1.0,2.771259,6.0,3.0,0.0
640,566.0,-155.9778,-147.5806,44.0,33.25511,72.0,7.0,0.0
641,568.0,-196.7594,-151.1988,1.0,2.771259,6.0,2.0,0.0
642,570.0,-221.7007,-151.1988,1.0,2.771259,6.0,2.0,0.0
643,572.0,-51.96111,-152.3988,1.0,2.771259,6.0,3.0,0.0
644,573.0,-56.81081,-151.9988,1.0,2.771259,6.0,3.0,0.0
645,574.0,-16.295,-151.1988,25.0,24.01758,52.0,2.0,0.0
646,575.0,-52.65392,-152.7988,1.0,2.771259,6.0,3.0,0.0
647,576.0,-56.81081,-152.7988,1.0,2.771259,6.0,3.0,0.0
648,577.0,-68.58866,-150.6988,8.0,14.78005,32.0,4.0,0.0
649,578.0,-154.4977,-151.7988,8.0,11.08504,24.0,3.0,0.0
650,579.0,-230.7073,-153.1988,1.0,2.771259,6.0,2.0,0.0
651,580.0,-21.41103,-144.3273,408.0,91.45155,198.0,5.0,0.0
652,581.0,-56.81081,-153.5988,1.0,2.771259,6.0,3.0,0.0
653,582.0,-85.21622,-153.9988,1.0,2.771259,6.0,2.0,0.0
654,583.0,-241.8553,-152.0715,22.0,23.09383,50.0,3.0,0.0
655,584.0,-56.81081,-154.3988,1.0,2.771259,6.0,3.0,0.0
656,585.0,-91.45155,-154.3988,1.0,2.771259,6.0,2.0,0.0
657,587.0,-236.2498,-154.7988,1.0,2.771259,6.0,3.0,0.0
658,588.0,-239.9494,-147.4246,303.0,82.21402,178.0,9.0,0.0
659,589.0,-56.81081,-155.1988,1.0,2.771259,6.0,2.0,0.0
660,590.0,-83.83059,-155.5988,1.0,2.771259,6.0,2.0,0.0
661,591.0,-90.97367,-147.3665,303.0,63.73896,156.0,19.0,0.0
662,592.0,-87.98748,-155.1188,5.0,10.16128,22.0,3.0,0.0
663,593.0,-99.76533,-153.6254,30.0,26.78884,58.0,4.0,0.0
664,594.0,-100.5159,-151.0821,48.0,41.56889,90.0,4.0,0.0
665,595.0,-105.001,-150.0045,140.0,55.42518,120.0,5.0,0.0
666,597.0,-83.13777,-155.9988,1.0,2.771259,6.0,2.0,0.0
667,598.0,-96.92479,-154.6788,30.0,21.24632,46.0,3.0,0.0
668,602.0,-114.7966,-154.1428,125.0,39.72138,86.0,4.0,0.0
669,603.0,-209.7497,-154.7891,124.0,41.56889,90.0,5.0,0.0
670,604.0,-55.42518,-159.9987,1.0,2.771259,6.0,1.0,0.0
671,605.0,-117.5311,-158.9987,14.0,15.7038,34.0,4.0,0.0
672,606.0,-214.8688,-155.1654,36.0,27.71259,60.0,4.0,0.0
673,607.0,-13.16348,-161.1987,5.0,10.16128,22.0,2.0,0.0
674,608.0,-55.42518,-161.5987,1.0,2.771259,6.0,2.0,0.0
675,609.0,-225.0412,-157.0911,353.0,76.6715,166.0,10.0,0.0
676,610.0,-55.42518,-162.3987,1.0,2.771259,6.0,2.0,0.0
677,611.0,-203.5721,-162.9987,6.0,10.16128,22.0,3.0,0.0
678,612.0,-78.5835,-155.9716,265.0,63.73896,149.0,13.0,0.0
679,614.0,-174.5893,-165.5987,1.0,2.771259,6.0,2.0,0.0
680,616.0,-70.93897,-159.062,79.0,50.80642,110.0,7.0,0.0
681,617.0,-166.6866,-157.2281,600.0,90.5278,196.0,10.0,0.0
682,618.0,-196.8389,-157.8163,331.0,70.20523,152.0,9.0,0.0
683,620.0,-25.45569,-165.0956,66.0,37.87387,82.0,5.0,0.0
684,621.0,-37.5674,-162.9258,214.0,55.42518,120.0,6.0,0.0
685,622.0,-77.11561,-165.9371,13.0,13.8563,30.0,4.0,0.0
686,623.0,-225.8576,-164.377,203.0,65.58647,142.0,4.0,0.0
687,624.0,-28.75181,-167.3987,6.0,10.16128,22.0,5.0,0.0
688,625.0,-29.79104,-166.9587,5.0,9.23753,20.0,5.0,0.0
689,626.0,-165.5827,-168.3987,1.0,2.771259,6.0,2.0,0.0
690,627.0,-190.0463,-160.7206,87.0,54.50143,118.0,4.0,0.0
691,628.0,-3.266127,-167.9415,7.0,9.23753,20.0,3.0,0.0
692,629.0,-26.32696,-168.7986,1.0,2.771259,6.0,4.0,0.0
693,630.0,-27.01978,-169.1986,1.0,2.771259,6.0,5.0,0.0
694,631.0,-116.3929,-168.7986,1.0,2.771259,6.0,2.0,0.0
695,632.0,-167.5106,-167.5639,23.0,18.47506,40.0,4.0,0.0
696,633.0,-188.3879,-162.2765,72.0,54.50143,118.0,4.0,0.0
697,634.0,-26.32696,-169.5986,1.0,2.771259,6.0,5.0,0.0
698,635.0,-27.01978,-169.9986,1.0,2.771259,6.0,5.0,0.0
699,636.0,-210.5724,-164.1737,176.0,50.80642,110.0,10.0,0.0
700,637.0,-26.32696,-170.3986,1.0,2.771259,6.0,3.0,0.0
701,638.0,-27.71259,-170.3986,1.0,2.771259,6.0,2.0,0.0
702,639.0,-9.058295,-166.136,134.0,42.49264,92.0,6.0,0.0
703,641.0,-228.6289,-171.1986,1.0,2.771259,6.0,2.0,0.0
704,642.0,-31.30263,-170.5805,11.0,13.8563,30.0,5.0,0.0
705,643.0,-100.6269,-164.7865,427.0,108.0791,234.0,7.0,0.0
706,644.0,-194.9119,-171.4653,3.0,6.466271,14.0,3.0,0.0
707,646.0,-17.08552,-169.2529,118.0,60.9677,132.0,8.0,0.0
708,648.0,-266.7337,-173.1986,1.0,2.771259,6.0,2.0,0.0
709,649.0,-235.8539,-173.0843,7.0,10.16128,22.0,2.0,0.0
710,651.0,-39.21255,-170.4052,182.0,52.65392,114.0,8.0,0.0
711,652.0,-212.132,-170.8666,53.0,31.4076,68.0,3.0,0.0
712,653.0,-227.5299,-172.3572,29.0,25.86508,56.0,3.0,0.0
713,654.0,-241.4192,-163.8863,388.0,79.44276,172.0,9.0,0.0
714,655.0,-3.908971,-172.5792,110.0,49.90694,99.0,6.0,0.0
715,656.0,-51.96111,-176.3986,1.0,2.771259,6.0,3.0,0.0
716,659.0,-41.3749,-175.2146,25.0,20.32257,44.0,4.0,0.0
717,660.0,-51.96111,-177.1986,1.0,2.771259,6.0,2.0,0.0
718,661.0,-38.45122,-176.4386,10.0,11.08504,24.0,4.0,0.0
719,662.0,-274.3547,-177.5986,1.0,2.771259,6.0,2.0,0.0
720,663.0,-275.655,-175.1215,26.0,22.31811,40.0,4.0,0.0
721,666.0,-61.77239,-162.7681,706.0,121.0116,280.0,19.0,0.0
722,667.0,-275.7403,-178.3986,1.0,2.771259,6.0,2.0,0.0
723,668.0,-23.5557,-179.1986,1.0,2.771259,6.0,3.0,0.0
724,669.0,-49.37609,-177.0566,93.0,42.49264,92.0,8.0,0.0
725,671.0,-174.798,-172.7191,352.0,69.28148,150.0,10.0,0.0
726,672.0,-180.1318,-179.9986,1.0,2.771259,6.0,2.0,0.0
727,673.0,-51.26829,-180.7986,1.0,2.771259,6.0,2.0,0.0
728,674.0,-57.43658,-179.6889,31.0,20.32257,44.0,4.0,0.0
729,675.0,-177.8181,-178.9193,53.0,36.02637,78.0,4.0,0.0
730,676.0,-267.5776,-178.4124,159.0,61.0583,129.0,7.0,0.0
731,678.0,-211.8859,-180.9986,6.0,9.23753,20.0,3.0,0.0
732,680.0,-60.9677,-182.3985,1.0,2.771259,6.0,2.0,0.0
733,681.0,-83.48418,-182.5985,2.0,4.618765,10.0,1.0,0.0
734,682.0,-62.50488,-181.211,32.0,20.32257,44.0,8.0,0.0
735,683.0,-85.90903,-183.1985,1.0,2.771259,6.0,1.0,0.0
736,684.0,-30.92062,-178.9638,230.0,53.57768,116.0,7.0,0.0
737,685.0,-244.4123,-183.2077,87.0,46.18765,100.0,5.0,0.0
738,686.0,-28.40541,-188.3985,1.0,2.771259,6.0,2.0,0.0
739,687.0,-24.24852,-189.9985,1.0,2.771259,6.0,2.0,0.0
740,689.0,-24.94133,-190.3985,1.0,2.771259,6.0,4.0,0.0
741,690.0,-25.63415,-190.7985,1.0,2.771259,6.0,3.0,0.0
742,692.0,-47.80422,-192.3985,1.0,2.771259,6.0,1.0,0.0
743,693.0,-143.8839,-181.1471,319.0,136.7154,296.0,5.0,0.0
744,694.0,-93.11431,-193.9984,10.0,13.8563,30.0,3.0,0.0
745,695.0,-168.1499,-189.53,146.0,49.88266,108.0,7.0,0.0
746,696.0,-174.0321,-186.4154,189.0,56.34894,122.0,5.0,0.0
747,697.0,-228.5092,-191.5657,110.0,45.2639,98.0,3.0,0.0
748,698.0,-70.71749,-192.6675,55.0,30.48385,66.0,5.0,0.0
749,699.0,-72.74555,-197.1984,1.0,2.771259,6.0,1.0,0.0
750,700.0,-75.11102,-189.7213,280.0,99.76533,216.0,6.0,0.0
751,702.0,-77.44785,-195.9984,47.0,37.87387,82.0,4.0,0.0
752,703.0,-72.05274,-199.1984,1.0,2.771259,6.0,1.0,0.0
753,705.0,-88.9401,-198.4484,8.0,12.00879,26.0,3.0,0.0
754,706.0,-231.8347,-193.3185,110.0,68.35772,148.0,5.0,0.0
755,707.0,-119.857,-201.1984,1.0,2.771259,6.0,2.0,0.0
756,708.0,-189.5256,-194.0181,102.0,49.88266,108.0,1.0,0.0
757,709.0,-52.365,-198.2078,235.0,105.3078,228.0,4.0,0.0
758,710.0,-219.6223,-201.9984,1.0,2.771259,6.0,3.0,0.0
759,711.0,-220.6615,-201.3984,2.0,4.618765,10.0,3.0,0.0
760,712.0,-187.7528,-202.7984,1.0,2.771259,6.0,2.0,0.0
761,713.0,-71.35992,-203.5984,1.0,2.771259,6.0,3.0,0.0
762,714.0,-218.2367,-203.5984,1.0,2.771259,6.0,1.0,0.0
763,715.0,-70.66711,-203.9984,1.0,2.771259,6.0,4.0,0.0
764,716.0,-70.66711,-204.7984,1.0,2.771259,6.0,3.0,0.0
765,717.0,-70.66711,-205.5984,1.0,2.771259,6.0,2.0,0.0
766,718.0,-188.4456,-205.5984,1.0,2.771259,6.0,2.0,0.0
767,719.0,-224.472,-205.5984,1.0,2.771259,6.0,2.0,0.0
768,720.0,-69.97429,-206.7983,1.0,2.771259,6.0,2.0,0.0
769,721.0,-92.54326,-200.6166,66.0,33.25511,72.0,5.0,0.0
770,722.0,-166.9684,-206.3983,2.0,4.618765,10.0,3.0,0.0
771,723.0,-175.0446,-202.0898,35.0,27.71259,60.0,3.0,0.0
772,725.0,-69.97429,-207.5983,1.0,2.771259,6.0,3.0,0.0
773,726.0,-103.2294,-207.1983,2.0,4.618765,10.0,3.0,0.0
774,727.0,-170.5937,-200.9267,159.0,47.1114,102.0,9.0,0.0
775,728.0,-45.72578,-207.9983,1.0,2.771259,6.0,1.0,0.0
776,730.0,-69.97429,-208.3983,1.0,2.771259,6.0,2.0,0.0
777,731.0,-165.5827,-208.3983,1.0,2.771259,6.0,2.0,0.0
778,733.0,-214.253,-207.2983,4.0,8.313777,18.0,1.0,0.0
779,734.0,-190.5241,-209.1983,1.0,2.771259,6.0,2.0,0.0
780,735.0,-45.03296,-209.9983,1.0,2.771259,6.0,2.0,0.0
781,736.0,-156.2927,-206.9983,22.0,23.09383,50.0,4.0,0.0
782,737.0,-163.3665,-201.6691,181.0,53.57768,116.0,10.0,0.0
783,738.0,-164.8899,-209.5983,1.0,2.771259,6.0,4.0,0.0
784,739.0,-190.8631,-206.4835,47.0,33.25511,72.0,7.0,0.0
785,740.0,-212.0013,-209.5983,1.0,2.771259,6.0,1.0,0.0
786,741.0,-22.17007,-210.3983,1.0,2.771259,6.0,3.0,0.0
787,742.0,-22.86289,-210.7983,1.0,2.771259,6.0,3.0,0.0
788,743.0,-191.2169,-210.3983,1.0,2.771259,6.0,1.0,0.0
789,744.0,-22.17007,-211.1983,1.0,2.771259,6.0,3.0,0.0
790,746.0,-45.03296,-212.3983,1.0,2.771259,6.0,3.0,0.0
791,748.0,-175.975,-211.9983,1.0,2.771259,6.0,3.0,0.0
792,749.0,-45.03296,-213.1983,1.0,2.771259,6.0,5.0,0.0
793,750.0,-45.72578,-212.7983,1.0,2.771259,6.0,5.0,0.0
794,751.0,-46.41859,-213.1983,1.0,2.771259,6.0,3.0,0.0
795,752.0,-45.28237,-208.0163,400.0,122.8592,273.0,6.0,0.0
796,753.0,-32.56229,-213.9983,1.0,2.771259,6.0,1.0,0.0
797,754.0,-45.72578,-213.5983,1.0,2.771259,6.0,5.0,0.0
798,756.0,-168.0731,-209.7713,37.0,24.01758,52.0,7.0,0.0
799,757.0,-0.7316076,-212.6219,20.0,17.14687,31.0,4.0,0.0
800,758.0,-2.078444,-214.7983,1.0,2.771259,6.0,3.0,0.0
801,759.0,-44.34015,-214.3983,1.0,2.771259,6.0,4.0,0.0
802,760.0,-135.0989,-211.1377,33.0,34.17886,74.0,5.0,0.0
803,761.0,-140.6414,-214.7983,1.0,2.771259,6.0,2.0,0.0
804,762.0,-35.76656,-214.0769,56.0,56.34894,129.0,5.0,0.0
805,764.0,-124.4061,-208.8424,136.0,47.1114,102.0,5.0,0.0
806,765.0,-206.4588,-215.1983,1.0,2.771259,6.0,1.0,0.0
807,767.0,-52.18281,-215.1823,25.0,42.49264,92.0,7.0,0.0
808,768.0,-62.18013,-215.8983,8.0,12.93254,28.0,5.0,0.0
809,769.0,-166.9684,-213.1094,27.0,23.09383,50.0,6.0,0.0
810,770.0,-31.17666,-217.1983,1.0,2.771259,6.0,3.0,0.0
811,771.0,-140.6414,-217.1983,1.0,2.771259,6.0,1.0,0.0
812,772.0,-159.2178,-212.0271,139.0,44.34015,96.0,7.0,0.0
813,773.0,-193.2953,-217.1983,1.0,2.771259,6.0,2.0,0.0
814,774.0,-3.464074,-217.9983,1.0,2.771259,6.0,2.0,0.0
815,775.0,-4.156889,-217.5983,1.0,2.771259,6.0,2.0,0.0
816,776.0,-7.223613,-215.2042,68.0,36.02637,78.0,7.0,0.0
817,777.0,-177.3606,-217.5983,1.0,2.771259,6.0,3.0,0.0
818,778.0,-179.439,-217.9983,1.0,2.771259,6.0,2.0,0.0
819,779.0,-0.6228335,-216.4242,12.0,13.69937,25.0,4.0,0.0
820,780.0,-36.05524,-217.7816,24.0,25.86508,56.0,3.0,0.0
821,781.0,-63.04614,-218.7982,1.0,2.771259,6.0,1.0,0.0
822,782.0,-125.7567,-214.8545,64.0,34.17886,74.0,5.0,0.0
823,783.0,-139.6022,-218.5982,2.0,4.618765,10.0,1.0,0.0
824,784.0,-168.0342,-216.9521,13.0,14.78005,32.0,4.0,0.0
825,785.0,-172.1109,-213.6436,97.0,37.87387,82.0,10.0,0.0
826,786.0,-175.5131,-216.7094,18.0,16.62755,36.0,4.0,0.0
827,787.0,-137.5237,-218.9982,2.0,4.618765,10.0,1.0,0.0
828,788.0,-195.3397,-215.6638,61.0,34.17886,74.0,5.0,0.0
829,789.0,-89.30456,-206.2217,283.0,93.29906,202.0,7.0,0.0
830,791.0,-43.64733,-221.1982,1.0,2.771259,6.0,2.0,0.0
831,792.0,-65.12459,-220.7982,1.0,2.771259,6.0,1.0,0.0
832,793.0,-101.151,-221.5982,1.0,2.771259,6.0,2.0,0.0
833,794.0,-159.1833,-218.914,38.0,24.94133,54.0,4.0,0.0
834,795.0,-185.5654,-213.9915,356.0,69.28148,157.0,17.0,0.0
835,796.0,-195.5171,-220.5775,29.0,23.09383,50.0,4.0,0.0
836,797.0,-41.12017,-217.3392,193.0,107.1554,232.0,10.0,0.0
837,798.0,-42.95452,-222.3982,1.0,2.771259,6.0,2.0,0.0
838,799.0,-99.2106,-207.2355,291.0,80.36651,174.0,11.0,0.0
839,800.0,-105.3474,-217.6897,70.0,41.56889,90.0,4.0,0.0
840,801.0,-154.4872,-216.9013,66.0,36.95012,80.0,7.0,0.0
841,802.0,-179.0765,-220.6075,86.0,42.49264,92.0,6.0,0.0
842,803.0,-163.9057,-219.4824,107.0,38.79763,84.0,6.0,0.0
843,805.0,-47.97403,-221.3041,102.0,60.9677,132.0,7.0,0.0
844,806.0,-53.34674,-228.3982,1.0,2.771259,6.0,1.0,0.0
845,807.0,-102.7255,-226.5073,11.0,19.39881,42.0,1.0,0.0
846,808.0,-108.8127,-224.4217,51.0,30.48385,66.0,4.0,0.0
847,810.0,-28.5791,-220.9537,355.0,84.98528,184.0,9.0,0.0
848,811.0,-20.09163,-230.7982,1.0,2.771259,6.0,1.0,0.0
849,812.0,-142.027,-231.5981,1.0,2.771259,6.0,3.0,0.0
850,813.0,-147.0307,-229.9537,9.0,11.08504,24.0,3.0,0.0
851,814.0,-107.3863,-231.1981,6.0,12.00879,26.0,1.0,0.0
852,815.0,-43.64733,-233.1981,1.0,2.771259,6.0,1.0,0.0
853,816.0,-80.59802,-217.1775,404.0,121.9354,279.0,10.0,0.0
854,817.0,-108.1353,-227.6414,37.0,39.72138,86.0,5.0,0.0
855,818.0,-110.1575,-233.9981,1.0,2.771259,6.0,1.0,0.0
856,820.0,-145.6836,-231.8426,36.0,24.94133,54.0,6.0,0.0
857,822.0,-112.236,-235.9981,3.0,6.466271,14.0,1.0,0.0
858,823.0,-113.968,-237.7981,2.0,4.618765,10.0,2.0,0.0
859,824.0,-5.31158,-233.7471,51.0,38.79763,84.0,2.0,0.0
860,825.0,-139.524,-230.0584,93.0,49.88266,108.0,5.0,0.0
861,826.0,-228.7267,-236.432,248.0,71.12898,154.0,4.0,0.0
862,827.0,-55.5049,-232.7127,365.0,92.3753,200.0,5.0,0.0
863,828.0,-119.3231,-228.7844,523.0,87.75654,190.0,9.0,0.0
864,829.0,-212.6765,-235.5961,196.0,52.65392,114.0,5.0,0.0
865,830.0,-127.9439,-230.9482,168.0,64.66271,140.0,4.0,0.0
866,831.0,-136.5205,-231.941,77.0,55.42518,120.0,4.0,0.0
867,833.0,-59.38962,-241.3981,36.0,45.2639,98.0,1.0,0.0
868,834.0,-0.7553606,-240.2516,35.0,29.21309,52.0,3.0,0.0
869,835.0,-248.605,-243.3981,12.0,16.62755,36.0,3.0,0.0
870,836.0,-72.75455,-242.4188,77.0,34.17886,74.0,6.0,0.0
871,838.0,-71.59086,-246.398,3.0,5.542518,12.0,4.0,0.0
872,839.0,-74.824,-246.1314,3.0,6.466271,14.0,3.0,0.0
873,840.0,0.0549853,-247.198,1.0,3.109376,5.0,1.0,0.0
874,841.0,-5.715722,-246.598,8.0,10.16128,22.0,3.0,0.0
875,842.0,-42.32366,-244.72,123.0,47.1114,102.0,4.0,0.0
876,843.0,-91.31299,-247.598,5.0,8.313777,18.0,3.0,0.0
877,844.0,-2.389285,-245.6639,52.0,29.06506,58.0,6.0,0.0
878,845.0,-6.495686,-231.5958,539.0,129.2834,276.0,10.0,0.0
879,846.0,-37.412,-248.798,1.0,2.771259,6.0,1.0,0.0
880,847.0,-12.918,-231.6517,127.0,84.06153,182.0,5.0,0.0
881,848.0,-83.23944,-244.9567,184.0,49.88266,108.0,8.0,0.0
882,850.0,-170.0145,-249.0647,63.0,39.72138,86.0,3.0,0.0
883,851.0,-197.4522,-250.798,1.0,2.771259,6.0,2.0,0.0
884,852.0,-57.50363,-251.598,1.0,2.771259,6.0,3.0,0.0
885,853.0,-64.62512,-249.1608,43.0,36.95012,80.0,5.0,0.0
886,855.0,-57.50363,-252.398,1.0,2.771259,6.0,2.0,0.0
887,856.0,-196.0666,-253.198,1.0,2.771259,6.0,3.0,0.0
888,857.0,-41.56889,-253.598,1.0,2.771259,6.0,3.0,0.0
889,858.0,-42.2617,-253.998,1.0,2.771259,6.0,3.0,0.0
890,859.0,-65.72231,-251.4803,51.0,31.4076,68.0,4.0,0.0
891,860.0,-94.10336,-247.4463,58.0,51.73017,112.0,5.0,0.0
892,861.0,-153.1121,-253.998,1.0,2.771259,6.0,3.0,0.0
893,864.0,-41.56889,-254.398,1.0,2.771259,6.0,3.0,0.0
894,866.0,-211.3085,-254.798,1.0,2.771259,6.0,2.0,0.0
895,867.0,-20.78444,-255.198,1.0,2.771259,6.0,3.0,0.0
896,868.0,-66.27928,-254.798,3.0,5.542518,12.0,3.0,0.0
897,870.0,-67.20303,-256.3979,1.0,2.771259,6.0,2.0,0.0
898,871.0,-92.62401,-251.9141,143.0,53.57768,116.0,5.0,0.0
899,872.0,-121.3613,-247.5476,397.0,75.74775,164.0,7.0,0.0
900,873.0,-159.9906,-237.5661,363.0,103.4603,224.0,7.0,0.0
901,874.0,-131.8789,-251.1389,88.0,40.64513,88.0,7.0,0.0
902,875.0,-141.8848,-252.6778,263.0,67.43397,146.0,6.0,0.0
903,876.0,-107.1244,-256.7248,82.0,38.79763,84.0,5.0,0.0
904,877.0,-151.7264,-258.1772,58.0,28.63634,62.0,5.0,0.0
905,878.0,-174.5348,-255.7633,445.0,92.3753,200.0,7.0,0.0
906,879.0,-243.6399,-256.3873,75.0,33.25511,72.0,2.0,0.0
907,880.0,-73.43837,-261.5979,1.0,2.771259,6.0,1.0,0.0
908,881.0,-137.9054,-259.3742,59.0,32.33136,70.0,3.0,0.0
909,882.0,-205.2923,-252.1168,313.0,70.20523,152.0,7.0,0.0
910,883.0,-73.07373,-253.6295,228.0,60.9677,132.0,12.0,0.0
911,884.0,-111.7164,-257.8979,40.0,35.10262,76.0,5.0,0.0
912,885.0,-69.00435,-262.5579,5.0,10.16128,22.0,3.0,0.0
913,886.0,-245.6721,-264.0779,5.0,8.313777,18.0,3.0,0.0
914,888.0,-130.8727,-263.8779,10.0,12.00879,26.0,4.0,0.0
915,889.0,-132.4431,-262.8646,18.0,18.47506,40.0,4.0,0.0
916,890.0,-128.8635,-265.2979,8.0,11.08504,24.0,4.0,0.0
917,891.0,-135.5351,-262.4868,54.0,28.63634,62.0,6.0,0.0
918,892.0,-155.3504,-246.6134,468.0,135.7917,294.0,11.0,0.0
919,893.0,-1.073313,-256.5037,89.0,53.59307,96.0,2.0,0.0
920,894.0,-15.93474,-270.7978,1.0,2.771259,6.0,3.0,0.0
921,895.0,-127.289,-268.1433,22.0,20.32257,44.0,3.0,0.0
922,896.0,-276.4881,-268.3979,7.0,13.45186,23.0,2.0,0.0
923,897.0,-15.93474,-271.5978,1.0,2.771259,6.0,5.0,0.0
924,898.0,-16.62755,-271.1978,1.0,2.771259,6.0,5.0,0.0
925,899.0,-17.32037,-271.5978,1.0,2.771259,6.0,3.0,0.0
926,900.0,-16.62755,-271.9978,1.0,2.771259,6.0,5.0,0.0
927,901.0,-76.90244,-272.3978,1.0,2.771259,6.0,3.0,0.0
928,902.0,-124.7067,-271.9978,1.0,2.771259,6.0,2.0,0.0
929,904.0,-76.20963,-272.7978,1.0,2.771259,6.0,2.0,0.0
930,905.0,-74.47759,-270.1978,34.0,35.10262,76.0,8.0,0.0
931,906.0,-80.02011,-272.5978,2.0,4.618765,10.0,4.0,0.0
932,907.0,-9.402132,-260.5831,683.0,96.16091,205.0,11.0,0.0
933,908.0,-39.49044,-273.9978,1.0,2.771259,6.0,1.0,0.0
934,909.0,-76.90244,-273.9978,1.0,2.771259,6.0,2.0,0.0
935,910.0,-78.28807,-273.9978,1.0,2.771259,6.0,4.0,0.0
936,911.0,-78.98088,-273.5978,1.0,2.771259,6.0,5.0,0.0
937,912.0,-79.6737,-273.9978,1.0,2.771259,6.0,6.0,0.0
938,913.0,-80.36651,-273.5978,1.0,2.771259,6.0,5.0,0.0
939,914.0,-81.19789,-272.7978,5.0,8.313777,18.0,4.0,0.0
940,915.0,-83.83059,-273.9978,1.0,2.771259,6.0,2.0,0.0
941,916.0,-50.57548,-274.7978,1.0,2.771259,6.0,1.0,0.0
942,917.0,-76.20963,-274.3978,1.0,2.771259,6.0,2.0,0.0
943,918.0,-78.28807,-274.7978,1.0,2.771259,6.0,3.0,0.0
944,919.0,-78.98088,-274.3978,1.0,2.771259,6.0,6.0,0.0
945,920.0,-79.6737,-274.7978,1.0,2.771259,6.0,3.0,0.0
946,921.0,-85.90903,-274.3978,1.0,2.771259,6.0,2.0,0.0
947,922.0,-119.9542,-269.2961,57.0,39.72138,86.0,2.0,0.0
948,923.0,-147.3963,-272.2853,64.0,32.33136,70.0,8.0,0.0
949,924.0,-144.1055,-275.1978,1.0,2.771259,6.0,3.0,0.0
950,925.0,-148.2624,-275.1978,1.0,2.771259,6.0,2.0,0.0
951,926.0,-276.4881,-273.5978,6.0,11.72811,20.0,2.0,0.0
952,927.0,-70.66711,-275.9978,1.0,2.771259,6.0,2.0,0.0
953,928.0,-79.6737,-276.3978,1.0,2.771259,6.0,1.0,0.0
954,929.0,-146.8767,-275.1978,8.0,11.08504,24.0,4.0,0.0
955,930.0,-159.2484,-274.9692,14.0,16.62755,36.0,2.0,0.0
956,932.0,-157.269,-277.1978,1.0,2.771259,6.0,3.0,0.0
957,933.0,-49.88266,-277.5978,1.0,2.771259,6.0,2.0,0.0
958,934.0,-70.66711,-277.5978,1.0,2.771259,6.0,2.0,0.0
959,935.0,-139.9486,-277.5978,1.0,2.771259,6.0,2.0,0.0
960,936.0,-146.0454,-276.4778,5.0,10.16128,22.0,6.0,0.0
961,937.0,-49.88266,-278.3978,1.0,2.771259,6.0,2.0,0.0
962,938.0,-146.8767,-278.3978,1.0,2.771259,6.0,4.0,0.0
963,939.0,-148.2624,-278.3978,1.0,2.771259,6.0,2.0,0.0
964,940.0,-158.9927,-270.8362,250.0,80.36651,174.0,9.0,0.0
965,941.0,-69.97429,-280.3978,1.0,2.771259,6.0,2.0,0.0
966,943.0,-166.2381,-276.2572,37.0,32.33136,70.0,4.0,0.0
967,944.0,-29.09822,-280.7978,1.0,2.771259,6.0,2.0,0.0
968,946.0,-224.9516,-279.3516,13.0,24.94133,54.0,4.0,0.0
969,947.0,-130.942,-281.9977,1.0,2.771259,6.0,1.0,0.0
970,949.0,-221.7007,-281.5977,1.0,2.771259,6.0,2.0,0.0
971,950.0,-270.1978,-281.5977,1.0,2.771259,6.0,1.0,0.0
972,951.0,-152.4706,-277.8052,108.0,40.64513,88.0,12.0,0.0
973,953.0,-113.6216,-283.9977,1.0,2.771259,6.0,2.0,0.0
974,954.0,-119.0896,-279.3354,93.0,43.41639,94.0,6.0,0.0
975,955.0,-128.8635,-284.7977,1.0,2.771259,6.0,2.0,0.0
976,956.0,-166.8225,-282.9662,19.0,16.62755,36.0,4.0,0.0
977,957.0,-128.1707,-285.9977,1.0,2.771259,6.0,2.0,0.0
978,958.0,-128.8635,-285.5977,1.0,2.771259,6.0,3.0,0.0
979,959.0,-216.362,-284.4448,17.0,17.55131,38.0,4.0,0.0
980,960.0,-227.5741,-281.7171,67.0,33.25511,72.0,4.0,0.0
981,961.0,-100.3511,-282.285,110.0,57.27269,124.0,4.0,0.0
982,962.0,-216.4532,-277.1539,310.0,69.28148,150.0,5.0,0.0
983,963.0,-29.79104,-287.5977,1.0,2.771259,6.0,2.0,0.0
984,964.0,-127.4779,-287.1977,1.0,2.771259,6.0,1.0,0.0
985,965.0,-159.382,-284.4577,20.0,20.32257,44.0,2.0,0.0
986,966.0,-47.1114,-287.9977,1.0,2.771259,6.0,1.0,0.0
987,967.0,-160.8095,-282.0336,145.0,60.04395,130.0,8.0,0.0
988,969.0,-13.8563,-291.1977,1.0,2.771259,6.0,3.0,0.0
989,970.0,-14.54911,-291.5977,1.0,2.771259,6.0,4.0,0.0
990,972.0,-13.8563,-291.9977,1.0,2.771259,6.0,5.0,0.0
991,973.0,-14.54911,-292.3977,1.0,2.771259,6.0,4.0,0.0
992,974.0,-224.8157,-286.5527,129.0,45.2639,98.0,11.0,0.0
993,975.0,-45.72578,-292.7977,1.0,2.771259,6.0,1.0,0.0
994,977.0,-276.4881,-293.1977,1.0,3.109376,5.0,1.0,0.0
995,979.0,-163.5043,-293.3977,4.0,7.390024,16.0,3.0,0.0
996,981.0,-176.9396,-291.6807,130.0,75.74775,164.0,6.0,0.0
997,982.0,-276.4881,-294.7976,1.0,3.109376,5.0,1.0,0.0
998,984.0,-137.8676,-285.4133,269.0,72.05274,156.0,8.0,0.0
999,985.0,-191.2169,-295.1976,1.0,2.771259,6.0,1.0,0.0
1000,986.0,-193.6417,-294.9976,2.0,4.618765,10.0,2.0,0.0
1001,987.0,-227.9361,-295.5976,1.0,2.771259,6.0,3.0,0.0
1002,989.0,-227.9361,-296.3976,1.0,2.771259,6.0,4.0,0.0
1003,990.0,-118.4713,-297.1976,1.0,2.771259,6.0,2.0,0.0
1004,991.0,-44.34015,-297.5976,1.0,2.771259,6.0,1.0,0.0
1005,992.0,-136.4845,-297.9976,1.0,2.771259,6.0,2.0,0.0
1006,994.0,-137.8701,-297.9976,1.0,2.771259,6.0,3.0,0.0
1007,995.0,-201.6091,-297.9976,1.0,2.771259,6.0,2.0,0.0
1008,997.0,-69.28148,-298.3976,1.0,2.771259,6.0,3.0,0.0
1009,999.0,-178.4493,-296.7731,49.0,63.73896,138.0,1.0,0.0
1010,1002.0,-227.2432,-298.3976,1.0,2.771259,6.0,2.0,0.0
1011,1003.0,-162.5098,-297.3073,62.0,31.4076,68.0,5.0,0.0
1012,1004.0,-2.552456,-290.4024,166.0,55.38314,105.0,3.0,0.0
1013,1005.0,-93.20313,-291.7474,390.0,81.29027,176.0,6.0,0.0
1014,1006.0,-92.83718,-300.7976,1.0,2.771259,6.0,2.0,0.0
1015,1007.0,-180.4178,-296.2287,315.0,97.91782,358.0,8.0,0.0
1016,1008.0,-200.5699,-300.1976,4.0,8.313777,18.0,3.0,0.0
1017,1010.0,-42.95452,-301.5976,1.0,2.771259,6.0,2.0,0.0
1018,1011.0,-83.83059,-301.9976,1.0,2.771259,6.0,2.0,0.0
1019,1013.0,-143.5247,-297.127,136.0,44.34015,96.0,5.0,0.0
1020,1014.0,-199.5307,-302.3976,1.0,2.771259,6.0,2.0,0.0
1021,1016.0,-107.7822,-299.7805,35.0,60.9677,132.0,3.0,0.0
1022,1017.0,-218.7558,-295.1089,347.0,70.20523,152.0,5.0,0.0
1023,1018.0,-241.7924,-304.3976,1.0,2.771259,6.0,1.0,0.0
1024,1019.0,-34.80797,-287.5765,377.0,160.733,355.0,9.0,0.0
1025,1020.0,-153.765,-293.2301,469.0,84.98528,184.0,11.0,0.0
1026,1021.0,-224.4566,-298.7265,45.0,43.41639,94.0,7.0,0.0
1027,1022.0,-224.4481,-301.5286,29.0,31.4076,68.0,5.0,0.0
1028,1023.0,-109.6158,-300.9227,211.0,133.9442,290.0,7.0,0.0
1029,1025.0,-184.6184,-302.1205,332.0,96.99407,210.0,9.0,0.0
1030,1026.0,-183.5959,-307.5975,1.0,2.771259,6.0,2.0,0.0
1031,1028.0,-19.15045,-299.611,477.0,97.91782,212.0,7.0,0.0
1032,1029.0,-159.5304,-308.239,53.0,32.33136,70.0,3.0,0.0
1033,1030.0,-190.716,-310.1276,83.0,45.2639,98.0,4.0,0.0
1034,1031.0,-275.557,-305.9797,64.0,39.55557,70.0,2.0,0.0
1035,1032.0,-180.6679,-309.4213,84.0,37.87387,82.0,6.0,0.0
1036,1033.0,-221.0945,-311.6475,8.0,10.16128,22.0,2.0,0.0
1037,1034.0,-1.928884,-312.1689,34.0,20.96564,40.0,3.0,0.0
1038,1035.0,-12.87627,-306.0286,435.0,96.58963,203.0,6.0,0.0
1039,1036.0,-102.5366,-313.5975,1.0,2.771259,6.0,2.0,0.0
1040,1037.0,-7.225068,-313.7689,7.0,12.93254,28.0,4.0,0.0
1041,1038.0,-7.884355,-310.7533,129.0,54.46827,114.0,5.0,0.0
1042,1039.0,-23.5557,-314.3975,1.0,2.771259,6.0,2.0,0.0
1043,1041.0,-241.7924,-314.7975,1.0,2.771259,6.0,1.0,0.0
1044,1042.0,-69.5927,-306.7491,256.0,61.89145,134.0,8.0,0.0
1045,1043.0,-68.06905,-316.3975,8.0,13.8563,30.0,3.0,0.0
1046,1044.0,-75.51681,-317.1975,1.0,2.771259,6.0,1.0,0.0
1047,1045.0,-112.5027,-309.022,465.0,84.98528,184.0,5.0,0.0
1048,1046.0,-234.5178,-316.5975,8.0,15.7038,34.0,3.0,0.0
1049,1047.0,-238.3283,-316.7975,1.0,2.771259,6.0,2.0,0.0
1050,1048.0,-67.23767,-317.5775,20.0,24.01758,52.0,5.0,0.0
1051,1050.0,-271.6859,-306.8293,209.0,84.02836,176.0,6.0,0.0
1052,1051.0,-45.03296,-320.3974,1.0,2.771259,6.0,2.0,0.0
1053,1052.0,-192.0407,-316.2244,238.0,60.9677,132.0,5.0,0.0
1054,1053.0,-274.6238,-316.4633,69.0,30.50813,57.0,3.0,0.0
1055,1054.0,-42.2617,-322.0736,1.0,3.233136,5.0,2.0,0.0
1056,1055.0,-42.95452,-321.5974,1.0,2.771259,6.0,2.0,0.0
1057,1056.0,-132.7847,-317.4141,159.0,54.96331,117.0,6.0,0.0
1058,1058.0,-232.6373,-319.226,14.0,16.62755,36.0,4.0,0.0
1059,1059.0,-2.910768,-318.1696,103.0,35.71253,61.0,3.0,0.0
1060,1060.0,-13.90239,-319.5998,199.0,59.70583,97.0,4.0,0.0
1061,1061.0,-25.25694,-317.7942,201.0,65.71022,130.0,6.0,0.0
1062,1062.0,-41.41566,-321.135,48.0,33.37887,66.0,6.0,0.0
1063,1063.0,-48.89628,-321.2515,38.0,24.14134,42.0,3.0,0.0
1064,1064.0,-49.04709,-309.8284,1235.0,135.9155,292.0,12.0,0.0
1065,1065.0,-64.30236,-320.7889,110.0,45.84953,75.0,3.0,0.0
1066,1066.0,-79.70413,-320.1576,167.0,65.71022,115.0,5.0,0.0
1067,1067.0,-89.0959,-311.5611,917.0,118.3641,246.0,12.0,0.0
1068,1068.0,-116.8694,-319.0291,325.0,74.024,124.0,5.0,0.0
1069,1069.0,-129.0757,-322.0821,8.0,11.2088,18.0,3.0,0.0
1070,1070.0,-133.0204,-322.283,7.0,13.0563,22.0,3.0,0.0
1071,1071.0,-142.1129,-322.2953,18.0,31.53136,48.0,4.0,0.0
1072,1072.0,-168.2294,-316.1133,803.0,116.5166,194.0,8.0,0.0
1073,1073.0,-194.5676,-321.4483,42.0,40.30702,75.0,4.0,0.0
1074,1074.0,-199.2358,-322.2969,14.0,28.7601,40.0,2.0,0.0
1075,1075.0,-204.2977,-316.1205,225.0,62.93897,126.0,7.0,0.0
1076,1076.0,-211.4454,-321.2188,7.0,12.59443,25.0,3.0,0.0
1077,1077.0,-213.2975,-321.1926,14.0,14.90381,28.0,4.0,0.0
1078,1078.0,-222.8361,-320.9312,108.0,47.23516,78.0,4.0,0.0
1079,1079.0,-234.4092,-319.8753,29.0,24.14134,48.0,5.0,0.0
1080,1080.0,-239.5309,-320.6223,70.0,35.22637,58.0,3.0,0.0
1081,1082.0,-269.4135,-321.4474,64.0,41.30222,63.0,3.0,0.0
