,#grain_i_ID,grain_j_ID,misOrientationAngle(deg),grain_i_index,grain_j_index
0,1.0,100.0,45.09388,131.0,228.0
1,2.0,20.0,53.10811,132.0,150.0
2,3.0,5.0,36.43593,133.0,135.0
3,3.0,20.0,15.59176,133.0,150.0
4,4.0,12.0,44.32592,134.0,142.0
5,4.0,24.0,31.71234,134.0,154.0
6,4.0,50.0,59.89572,134.0,180.0
7,5.0,6.0,25.32981,135.0,136.0
8,5.0,20.0,30.98167,135.0,150.0
9,6.0,20.0,55.52825,136.0,150.0
10,7.0,10.0,59.46823,137.0,140.0
11,7.0,85.0,48.99223,137.0,1.0
12,7.0,92.0,43.27413,137.0,220.0
13,7.0,161.0,48.9658,137.0,5.0
14,8.0,15.0,56.3307,138.0,145.0
15,8.0,78.0,39.88018,138.0,208.0
16,9.0,10.0,59.5751,139.0,140.0
17,9.0,16.0,59.04703,139.0,146.0
18,9.0,84.0,46.11165,139.0,0.0
19,10.0,84.0,43.5791,140.0,0.0
20,10.0,92.0,45.8855,140.0,220.0
21,11.0,13.0,24.28505,141.0,143.0
22,11.0,20.0,59.89763,141.0,150.0
23,11.0,23.0,32.20479,141.0,153.0
24,11.0,39.0,36.79723,141.0,169.0
25,12.0,24.0,59.32839,142.0,154.0
26,12.0,57.0,49.70027,142.0,187.0
27,12.0,80.0,37.89588,142.0,210.0
28,13.0,23.0,44.20331,143.0,153.0
29,13.0,39.0,59.8162,143.0,169.0
30,14.0,31.0,32.61249,144.0,161.0
31,14.0,36.0,33.68698,144.0,166.0
32,14.0,71.0,31.05739,144.0,201.0
33,15.0,78.0,45.29397,145.0,208.0
34,15.0,144.0,56.48792,145.0,269.0
35,16.0,17.0,59.35955,146.0,147.0
36,16.0,84.0,44.04681,146.0,0.0
37,17.0,40.0,59.64238,147.0,170.0
38,17.0,84.0,45.7836,147.0,0.0
39,18.0,36.0,41.02305,148.0,166.0
40,18.0,117.0,44.32166,148.0,245.0
41,19.0,20.0,18.40897,149.0,150.0
42,19.0,21.0,52.40794,149.0,151.0
43,19.0,22.0,53.52812,149.0,152.0
44,19.0,39.0,51.9518,149.0,169.0
45,20.0,21.0,42.13873,150.0,151.0
46,20.0,34.0,59.78749,150.0,164.0
47,20.0,39.0,41.72957,150.0,169.0
48,20.0,53.0,55.95354,150.0,183.0
49,21.0,22.0,35.95975,151.0,152.0
50,21.0,53.0,59.60974,151.0,183.0
51,22.0,39.0,35.88137,152.0,169.0
52,22.0,53.0,42.70069,152.0,183.0
53,23.0,35.0,61.73804,153.0,165.0
54,23.0,39.0,51.02889,153.0,169.0
55,23.0,43.0,59.46163,153.0,173.0
56,23.0,156.0,17.8927,153.0,281.0
57,24.0,50.0,54.18333,154.0,180.0
58,24.0,74.0,30.80569,154.0,204.0
59,24.0,80.0,54.94888,154.0,210.0
60,25.0,57.0,59.88305,155.0,187.0
61,26.0,57.0,59.98586,156.0,187.0
62,27.0,57.0,59.91331,157.0,187.0
63,28.0,57.0,59.976,158.0,187.0
64,29.0,57.0,59.84588,159.0,187.0
65,30.0,57.0,59.76039,160.0,187.0
66,31.0,36.0,22.50815,161.0,166.0
67,31.0,57.0,59.77422,161.0,187.0
68,31.0,82.0,37.7961,161.0,212.0
69,31.0,96.0,40.66122,161.0,224.0
70,32.0,78.0,59.81912,162.0,208.0
71,32.0,87.0,42.09899,162.0,215.0
72,33.0,100.0,59.65791,163.0,228.0
73,34.0,53.0,25.60018,164.0,183.0
74,35.0,39.0,59.91592,165.0,169.0
75,35.0,156.0,59.0305,165.0,281.0
76,36.0,71.0,42.75449,166.0,201.0
77,36.0,82.0,40.96817,166.0,212.0
78,36.0,117.0,41.37661,166.0,245.0
79,37.0,41.0,41.81725,167.0,171.0
80,37.0,84.0,56.88449,167.0,0.0
81,37.0,92.0,27.08337,167.0,220.0
82,38.0,42.0,55.06938,168.0,172.0
83,38.0,53.0,25.47308,168.0,183.0
84,39.0,53.0,59.67749,169.0,183.0
85,39.0,156.0,37.28465,169.0,281.0
86,40.0,68.0,38.63633,170.0,198.0
87,40.0,84.0,43.83785,170.0,0.0
88,40.0,100.0,59.50102,170.0,228.0
89,40.0,326.0,25.32977,170.0,25.0
90,41.0,84.0,41.18847,171.0,0.0
91,41.0,92.0,49.03371,171.0,220.0
92,42.0,47.0,34.27255,172.0,177.0
93,42.0,48.0,38.7373,172.0,178.0
94,42.0,53.0,55.67088,172.0,183.0
95,42.0,60.0,38.84088,172.0,190.0
96,43.0,62.0,52.38922,173.0,192.0
97,43.0,142.0,15.80306,173.0,4.0
98,43.0,156.0,49.01405,173.0,281.0
99,43.0,166.0,55.88352,173.0,289.0
100,44.0,100.0,59.61172,174.0,228.0
101,45.0,85.0,59.79742,175.0,1.0
102,46.0,53.0,59.76941,176.0,183.0
103,46.0,59.0,59.79421,176.0,189.0
104,46.0,132.0,55.9348,176.0,259.0
105,47.0,48.0,50.3399,177.0,178.0
106,47.0,55.0,26.16047,177.0,185.0
107,47.0,60.0,50.36785,177.0,190.0
108,48.0,53.0,51.49991,178.0,183.0
109,48.0,55.0,45.41944,178.0,185.0
110,48.0,122.0,60.06324,178.0,2.0
111,49.0,50.0,39.6998,179.0,180.0
112,49.0,56.0,57.45405,179.0,186.0
113,49.0,74.0,53.1514,179.0,204.0
114,50.0,56.0,49.11355,180.0,186.0
115,50.0,65.0,38.00104,180.0,195.0
116,50.0,74.0,54.90495,180.0,204.0
117,50.0,166.0,47.93745,180.0,289.0
118,51.0,57.0,56.51664,181.0,187.0
119,51.0,96.0,35.22693,181.0,224.0
120,51.0,211.0,34.88691,181.0,11.0
121,52.0,69.0,55.19024,182.0,199.0
122,53.0,60.0,51.39288,183.0,190.0
123,53.0,93.0,16.16555,183.0,221.0
124,53.0,122.0,54.42143,183.0,2.0
125,53.0,132.0,43.93428,183.0,259.0
126,53.0,156.0,32.28962,183.0,281.0
127,54.0,55.0,23.17432,184.0,185.0
128,54.0,60.0,46.02544,184.0,190.0
129,54.0,61.0,49.25128,184.0,191.0
130,54.0,122.0,23.57603,184.0,2.0
131,55.0,60.0,45.53273,185.0,190.0
132,55.0,122.0,36.28526,185.0,2.0
133,56.0,65.0,59.18433,186.0,195.0
134,56.0,74.0,45.123,186.0,204.0
135,57.0,80.0,53.23765,187.0,210.0
136,57.0,96.0,59.90667,187.0,224.0
137,57.0,211.0,38.18077,187.0,11.0
138,58.0,78.0,58.17453,188.0,208.0
139,58.0,144.0,43.92487,188.0,269.0
140,59.0,69.0,59.86559,189.0,199.0
141,59.0,132.0,44.27753,189.0,259.0
142,60.0,61.0,43.3323,190.0,191.0
143,60.0,93.0,39.82755,190.0,221.0
144,61.0,63.0,47.26177,191.0,193.0
145,61.0,93.0,50.68612,191.0,221.0
146,61.0,122.0,53.01203,191.0,2.0
147,62.0,142.0,59.81105,192.0,4.0
148,62.0,166.0,34.72499,192.0,289.0
149,63.0,93.0,29.39022,193.0,221.0
150,64.0,93.0,27.62293,194.0,221.0
151,64.0,122.0,58.04617,194.0,2.0
152,65.0,74.0,41.60958,195.0,204.0
153,65.0,166.0,59.37539,195.0,289.0
154,66.0,70.0,53.58558,196.0,200.0
155,66.0,74.0,44.65027,196.0,204.0
156,66.0,80.0,46.49343,196.0,210.0
157,67.0,68.0,39.88799,197.0,198.0
158,67.0,100.0,59.58938,197.0,228.0
159,67.0,202.0,45.05217,197.0,322.0
160,68.0,100.0,59.64441,198.0,228.0
161,68.0,202.0,52.2718,198.0,322.0
162,68.0,326.0,28.19491,198.0,25.0
163,69.0,85.0,59.82392,199.0,1.0
164,69.0,95.0,54.26329,199.0,223.0
165,69.0,132.0,55.92466,199.0,259.0
166,70.0,74.0,36.79286,200.0,204.0
167,70.0,75.0,54.15792,200.0,205.0
168,70.0,80.0,35.16327,200.0,210.0
169,70.0,86.0,34.20735,200.0,214.0
170,71.0,72.0,59.48556,201.0,202.0
171,71.0,117.0,49.03238,201.0,245.0
172,71.0,135.0,33.13448,201.0,261.0
173,72.0,76.0,59.77403,202.0,206.0
174,72.0,77.0,59.93615,202.0,207.0
175,72.0,135.0,49.38567,202.0,261.0
176,73.0,74.0,34.21907,203.0,204.0
177,73.0,86.0,45.26873,203.0,214.0
178,73.0,166.0,29.20724,203.0,289.0
179,74.0,80.0,59.58568,204.0,210.0
180,74.0,86.0,59.28938,204.0,214.0
181,74.0,166.0,42.83184,204.0,289.0
182,75.0,79.0,19.4428,205.0,209.0
183,75.0,80.0,32.7891,205.0,210.0
184,75.0,86.0,33.47692,205.0,214.0
185,76.0,135.0,33.09033,206.0,261.0
186,77.0,87.0,59.88507,207.0,215.0
187,77.0,135.0,33.12655,207.0,261.0
188,78.0,87.0,39.30215,208.0,215.0
189,78.0,139.0,48.20816,208.0,265.0
190,78.0,144.0,32.21816,208.0,269.0
191,79.0,80.0,15.39141,209.0,210.0
192,79.0,86.0,16.20139,209.0,214.0
193,79.0,211.0,54.74193,209.0,11.0
194,80.0,211.0,59.93446,210.0,11.0
195,81.0,211.0,37.34937,211.0,11.0
196,82.0,96.0,54.57159,212.0,224.0
197,82.0,117.0,56.11905,212.0,245.0
198,82.0,164.0,29.58746,212.0,6.0
199,83.0,98.0,43.76638,213.0,226.0
200,83.0,118.0,59.94987,213.0,246.0
201,84.0,92.0,59.71038,0.0,220.0
202,84.0,326.0,46.12178,0.0,25.0
203,85.0,90.0,53.25698,1.0,218.0
204,85.0,95.0,23.39324,1.0,223.0
205,85.0,161.0,38.61565,1.0,5.0
206,86.0,166.0,45.85634,214.0,289.0
207,86.0,211.0,59.79692,214.0,11.0
208,87.0,97.0,43.21696,215.0,225.0
209,87.0,135.0,49.24466,215.0,261.0
210,87.0,139.0,39.44306,215.0,265.0
211,88.0,91.0,45.1754,216.0,219.0
212,88.0,93.0,24.57005,216.0,221.0
213,88.0,257.0,43.62143,216.0,17.0
214,89.0,211.0,57.67477,217.0,11.0
215,90.0,95.0,51.80951,218.0,223.0
216,90.0,161.0,60.01338,218.0,5.0
217,91.0,93.0,40.78082,219.0,221.0
218,91.0,257.0,47.23685,219.0,17.0
219,92.0,161.0,52.34807,220.0,5.0
220,92.0,169.0,48.70557,220.0,292.0
221,92.0,326.0,32.10231,220.0,25.0
222,93.0,122.0,41.71159,221.0,2.0
223,93.0,132.0,40.95707,221.0,259.0
224,93.0,257.0,54.96928,221.0,17.0
225,94.0,117.0,36.02188,222.0,245.0
226,94.0,133.0,59.0484,222.0,3.0
227,95.0,132.0,59.74631,223.0,259.0
228,95.0,161.0,55.11474,223.0,5.0
229,96.0,110.0,50.26067,224.0,238.0
230,96.0,128.0,25.44676,224.0,255.0
231,96.0,164.0,36.62497,224.0,6.0
232,96.0,174.0,49.18694,224.0,7.0
233,96.0,211.0,29.6882,224.0,11.0
234,97.0,135.0,59.60598,225.0,261.0
235,97.0,139.0,25.12046,225.0,265.0
236,98.0,100.0,59.54671,226.0,228.0
237,98.0,118.0,30.70412,226.0,246.0
238,98.0,218.0,50.32305,226.0,336.0
239,99.0,101.0,60.86682,227.0,229.0
240,99.0,257.0,50.26304,227.0,17.0
241,100.0,103.0,44.59337,228.0,231.0
242,100.0,202.0,39.9109,228.0,322.0
243,100.0,218.0,47.80115,228.0,336.0
244,100.0,226.0,27.39334,228.0,344.0
245,100.0,326.0,46.24611,228.0,25.0
246,101.0,257.0,40.18254,229.0,17.0
247,102.0,117.0,39.13343,230.0,245.0
248,102.0,133.0,35.77195,230.0,3.0
249,102.0,151.0,57.16332,230.0,276.0
250,103.0,218.0,35.46071,231.0,336.0
251,103.0,226.0,31.13183,231.0,344.0
252,104.0,108.0,57.57938,232.0,236.0
253,104.0,226.0,27.29916,232.0,344.0
254,105.0,109.0,30.40683,233.0,237.0
255,105.0,132.0,44.27086,233.0,259.0
256,105.0,161.0,31.67804,233.0,5.0
257,106.0,117.0,27.27706,234.0,245.0
258,106.0,133.0,31.43223,234.0,3.0
259,107.0,117.0,36.73696,235.0,245.0
260,107.0,133.0,58.46055,235.0,3.0
261,108.0,113.0,56.81414,236.0,241.0
262,108.0,226.0,32.42075,236.0,344.0
263,109.0,115.0,55.09343,237.0,243.0
264,109.0,132.0,60.52584,237.0,259.0
265,109.0,161.0,22.47631,237.0,5.0
266,110.0,164.0,59.98847,238.0,6.0
267,110.0,174.0,55.80009,238.0,7.0
268,111.0,112.0,48.54223,239.0,240.0
269,111.0,116.0,38.58275,239.0,244.0
270,111.0,133.0,31.00718,239.0,3.0
271,111.0,151.0,40.29165,239.0,276.0
272,112.0,133.0,28.0697,240.0,3.0
273,112.0,151.0,20.21446,240.0,276.0
274,113.0,119.0,55.32225,241.0,247.0
275,113.0,226.0,32.76661,241.0,344.0
276,114.0,115.0,30.65393,242.0,243.0
277,114.0,120.0,48.86438,242.0,248.0
278,114.0,161.0,38.10449,242.0,5.0
279,115.0,161.0,45.40392,243.0,5.0
280,116.0,151.0,24.11969,244.0,276.0
281,117.0,123.0,53.56404,245.0,250.0
282,117.0,133.0,58.39945,245.0,3.0
283,117.0,135.0,34.79469,245.0,261.0
284,117.0,151.0,48.82501,245.0,276.0
285,117.0,164.0,49.7854,245.0,6.0
286,118.0,140.0,39.99348,246.0,266.0
287,118.0,218.0,50.46432,246.0,336.0
288,119.0,226.0,31.46153,247.0,344.0
289,120.0,125.0,39.35451,248.0,252.0
290,120.0,161.0,35.43465,248.0,5.0
291,121.0,132.0,35.18077,249.0,259.0
292,121.0,257.0,53.61932,249.0,17.0
293,122.0,156.0,58.66296,2.0,281.0
294,122.0,257.0,52.16337,2.0,17.0
295,123.0,151.0,32.33894,250.0,276.0
296,123.0,164.0,57.56619,250.0,6.0
297,124.0,135.0,25.32946,251.0,261.0
298,124.0,139.0,58.09289,251.0,265.0
299,125.0,161.0,54.17386,252.0,5.0
300,126.0,257.0,53.62949,253.0,17.0
301,127.0,211.0,31.94642,254.0,11.0
302,128.0,174.0,59.56905,255.0,7.0
303,129.0,133.0,58.84691,256.0,3.0
304,129.0,151.0,49.80718,256.0,276.0
305,130.0,136.0,42.8875,257.0,262.0
306,130.0,218.0,53.92414,257.0,336.0
307,130.0,226.0,30.51718,257.0,344.0
308,131.0,137.0,55.33017,258.0,263.0
309,131.0,161.0,39.34035,258.0,5.0
310,132.0,141.0,42.85149,259.0,267.0
311,132.0,154.0,35.74168,259.0,279.0
312,132.0,161.0,41.64218,259.0,5.0
313,132.0,198.0,34.09371,259.0,318.0
314,132.0,257.0,45.23256,259.0,17.0
315,133.0,134.0,35.67673,3.0,260.0
316,133.0,135.0,27.60658,3.0,261.0
317,133.0,151.0,39.39666,3.0,276.0
318,133.0,231.0,40.97256,3.0,12.0
319,134.0,135.0,59.49389,260.0,261.0
320,134.0,231.0,51.45861,260.0,12.0
321,135.0,138.0,33.54628,261.0,264.0
322,135.0,139.0,50.06297,261.0,265.0
323,135.0,231.0,53.96886,261.0,12.0
324,136.0,218.0,35.05526,262.0,336.0
325,136.0,226.0,31.33297,262.0,344.0
326,137.0,161.0,34.40477,263.0,5.0
327,138.0,139.0,37.48315,264.0,265.0
328,138.0,231.0,32.66294,264.0,12.0
329,139.0,144.0,49.39184,265.0,269.0
330,139.0,178.0,59.32022,265.0,8.0
331,139.0,231.0,48.27036,265.0,12.0
332,140.0,218.0,59.86492,266.0,336.0
333,141.0,154.0,56.65028,267.0,279.0
334,141.0,198.0,59.35385,267.0,318.0
335,142.0,156.0,58.6017,4.0,281.0
336,142.0,166.0,53.72551,4.0,289.0
337,143.0,144.0,53.05848,268.0,269.0
338,143.0,178.0,49.76016,268.0,8.0
339,143.0,243.0,59.01116,268.0,358.0
340,144.0,178.0,29.08428,269.0,8.0
341,144.0,243.0,47.90316,269.0,358.0
342,145.0,146.0,45.94328,270.0,271.0
343,145.0,218.0,37.45735,270.0,336.0
344,146.0,152.0,38.388,271.0,277.0
345,146.0,218.0,36.0034,271.0,336.0
346,147.0,148.0,33.72791,272.0,273.0
347,147.0,326.0,25.93048,272.0,25.0
348,148.0,149.0,51.36055,273.0,274.0
349,148.0,326.0,52.05443,273.0,25.0
350,149.0,169.0,35.96546,274.0,292.0
351,149.0,326.0,34.26993,274.0,25.0
352,150.0,173.0,35.82169,275.0,296.0
353,150.0,177.0,35.17474,275.0,299.0
354,150.0,211.0,28.70703,275.0,11.0
355,151.0,164.0,32.07959,276.0,6.0
356,151.0,168.0,53.6293,276.0,291.0
357,151.0,231.0,47.12367,276.0,12.0
358,151.0,250.0,47.00615,276.0,16.0
359,152.0,218.0,59.94642,277.0,336.0
360,152.0,226.0,56.60804,277.0,344.0
361,153.0,161.0,38.44736,278.0,5.0
362,154.0,161.0,56.56735,279.0,5.0
363,154.0,198.0,44.86258,279.0,318.0
364,155.0,198.0,59.23987,280.0,318.0
365,155.0,257.0,52.1215,280.0,17.0
366,156.0,166.0,41.03317,281.0,289.0
367,156.0,175.0,26.32081,281.0,297.0
368,156.0,182.0,50.24058,281.0,303.0
369,156.0,257.0,25.11954,281.0,17.0
370,157.0,163.0,54.54856,282.0,287.0
371,157.0,164.0,59.13458,282.0,6.0
372,157.0,174.0,34.74804,282.0,7.0
373,158.0,218.0,59.91374,283.0,336.0
374,159.0,218.0,59.95479,284.0,336.0
375,160.0,218.0,59.65368,285.0,336.0
376,161.0,169.0,33.29816,5.0,292.0
377,161.0,193.0,59.5504,5.0,313.0
378,161.0,198.0,49.47481,5.0,318.0
379,162.0,173.0,47.25811,286.0,296.0
380,162.0,174.0,49.42887,286.0,7.0
381,162.0,211.0,59.51818,286.0,11.0
382,163.0,164.0,50.94124,287.0,6.0
383,163.0,174.0,49.77861,287.0,7.0
384,163.0,190.0,49.85969,287.0,310.0
385,163.0,291.0,43.0959,287.0,20.0
386,164.0,168.0,33.55036,6.0,291.0
387,164.0,174.0,35.76258,6.0,7.0
388,164.0,195.0,35.17315,6.0,315.0
389,164.0,291.0,51.51155,6.0,20.0
390,165.0,178.0,59.27865,288.0,8.0
391,165.0,243.0,28.09014,288.0,358.0
392,166.0,167.0,53.87019,289.0,290.0
393,166.0,175.0,37.96144,289.0,297.0
394,166.0,183.0,36.25341,289.0,9.0
395,166.0,211.0,42.50135,289.0,11.0
396,166.0,240.0,38.17543,289.0,355.0
397,167.0,211.0,56.60108,290.0,11.0
398,167.0,240.0,51.7452,290.0,355.0
399,168.0,250.0,18.71712,291.0,16.0
400,168.0,291.0,59.14408,291.0,20.0
401,169.0,193.0,41.72237,292.0,313.0
402,169.0,326.0,57.21206,292.0,25.0
403,170.0,171.0,38.03733,293.0,294.0
404,170.0,172.0,33.14272,293.0,295.0
405,170.0,257.0,24.44561,293.0,17.0
406,171.0,172.0,43.09558,294.0,295.0
407,171.0,257.0,55.3061,294.0,17.0
408,172.0,257.0,34.47305,295.0,17.0
409,173.0,174.0,59.02971,296.0,7.0
410,173.0,177.0,59.65598,296.0,299.0
411,173.0,180.0,47.08481,296.0,301.0
412,173.0,211.0,23.5709,296.0,11.0
413,174.0,180.0,27.36516,7.0,301.0
414,174.0,185.0,20.69056,7.0,305.0
415,174.0,190.0,43.40188,7.0,310.0
416,174.0,194.0,49.3186,7.0,314.0
417,174.0,211.0,57.48004,7.0,11.0
418,175.0,182.0,49.96855,297.0,303.0
419,175.0,183.0,59.96225,297.0,9.0
420,176.0,211.0,30.8415,298.0,11.0
421,177.0,180.0,28.01901,299.0,301.0
422,177.0,204.0,39.21556,299.0,10.0
423,177.0,211.0,57.73268,299.0,11.0
424,178.0,186.0,59.86586,8.0,306.0
425,178.0,209.0,40.10417,8.0,328.0
426,178.0,231.0,26.02008,8.0,12.0
427,178.0,243.0,46.22315,8.0,358.0
428,179.0,191.0,40.58804,300.0,311.0
429,179.0,257.0,33.99869,300.0,17.0
430,180.0,194.0,59.86677,301.0,314.0
431,180.0,204.0,34.52774,301.0,10.0
432,181.0,257.0,53.34998,302.0,17.0
433,182.0,183.0,32.58553,303.0,9.0
434,182.0,244.0,42.55122,303.0,359.0
435,182.0,257.0,59.22482,303.0,17.0
436,183.0,240.0,59.79999,9.0,355.0
437,183.0,244.0,39.08493,9.0,359.0
438,184.0,211.0,59.94348,304.0,11.0
439,185.0,190.0,59.86665,305.0,310.0
440,185.0,194.0,37.22753,305.0,314.0
441,186.0,231.0,48.66615,306.0,12.0
442,186.0,243.0,28.64497,306.0,358.0
443,187.0,257.0,30.71563,307.0,17.0
444,188.0,211.0,59.04153,308.0,11.0
445,188.0,245.0,30.9341,308.0,15.0
446,189.0,326.0,30.92233,309.0,25.0
447,190.0,194.0,58.71411,310.0,314.0
448,190.0,212.0,50.41522,310.0,330.0
449,190.0,291.0,22.78703,310.0,20.0
450,191.0,244.0,45.35242,311.0,359.0
451,191.0,257.0,59.74803,311.0,17.0
452,192.0,216.0,40.52602,312.0,334.0
453,193.0,198.0,29.98295,313.0,318.0
454,193.0,237.0,45.60797,313.0,14.0
455,193.0,326.0,40.12282,313.0,25.0
456,194.0,204.0,48.5507,314.0,10.0
457,194.0,212.0,24.66961,314.0,330.0
458,195.0,291.0,59.82644,315.0,20.0
459,196.0,197.0,36.01767,316.0,317.0
460,196.0,200.0,51.55581,316.0,320.0
461,196.0,257.0,54.78019,316.0,17.0
462,197.0,200.0,52.9506,317.0,320.0
463,197.0,201.0,31.67183,317.0,321.0
464,197.0,257.0,49.56484,317.0,17.0
465,198.0,199.0,59.2438,318.0,319.0
466,198.0,237.0,35.95256,318.0,14.0
467,198.0,257.0,41.67761,318.0,17.0
468,199.0,257.0,53.35959,319.0,17.0
469,200.0,201.0,36.61841,320.0,321.0
470,200.0,203.0,47.61622,320.0,323.0
471,200.0,257.0,57.21182,320.0,17.0
472,201.0,203.0,25.63405,321.0,323.0
473,201.0,244.0,59.8146,321.0,359.0
474,201.0,257.0,44.02753,321.0,17.0
475,202.0,326.0,59.9655,322.0,25.0
476,203.0,206.0,47.96592,323.0,325.0
477,203.0,257.0,39.58823,323.0,17.0
478,204.0,211.0,21.65791,10.0,11.0
479,204.0,212.0,52.19485,10.0,330.0
480,204.0,216.0,59.851,10.0,334.0
481,205.0,206.0,31.39449,324.0,325.0
482,205.0,207.0,32.31896,324.0,326.0
483,205.0,257.0,44.0555,324.0,17.0
484,206.0,257.0,26.86425,325.0,17.0
485,207.0,210.0,24.63197,326.0,329.0
486,207.0,257.0,45.66091,326.0,17.0
487,208.0,240.0,59.76294,327.0,355.0
488,208.0,245.0,57.93265,327.0,15.0
489,209.0,243.0,59.92166,328.0,358.0
490,210.0,257.0,32.48137,329.0,17.0
491,211.0,215.0,43.40375,11.0,333.0
492,211.0,216.0,54.58533,11.0,334.0
493,211.0,220.0,59.93752,11.0,338.0
494,211.0,240.0,28.18706,11.0,355.0
495,211.0,245.0,48.4947,11.0,15.0
496,211.0,253.0,26.22672,11.0,366.0
497,211.0,264.0,22.39404,11.0,376.0
498,212.0,216.0,49.44669,330.0,334.0
499,212.0,291.0,59.19554,330.0,20.0
500,213.0,217.0,37.03331,331.0,335.0
501,213.0,222.0,59.8327,331.0,340.0
502,213.0,231.0,31.88716,331.0,12.0
503,213.0,243.0,53.0308,331.0,358.0
504,214.0,326.0,56.08894,332.0,25.0
505,215.0,245.0,59.84958,333.0,15.0
506,215.0,253.0,39.54505,333.0,366.0
507,216.0,264.0,59.88636,334.0,376.0
508,216.0,291.0,41.83496,334.0,20.0
509,217.0,222.0,36.58051,335.0,340.0
510,217.0,231.0,54.30162,335.0,12.0
511,218.0,226.0,53.56834,336.0,344.0
512,218.0,320.0,16.36297,336.0,425.0
513,219.0,257.0,40.70057,337.0,17.0
514,220.0,221.0,23.70491,338.0,339.0
515,220.0,253.0,55.0101,338.0,366.0
516,220.0,264.0,51.12579,338.0,376.0
517,220.0,281.0,23.20554,338.0,18.0
518,221.0,264.0,59.76722,339.0,376.0
519,222.0,225.0,27.48491,340.0,343.0
520,222.0,231.0,40.46728,340.0,12.0
521,222.0,233.0,59.75439,340.0,13.0
522,222.0,243.0,42.81789,340.0,358.0
523,222.0,340.0,43.31094,340.0,27.0
524,223.0,227.0,32.1876,341.0,345.0
525,223.0,257.0,27.41873,341.0,17.0
526,224.0,225.0,27.29832,342.0,343.0
527,224.0,231.0,59.51509,342.0,12.0
528,224.0,340.0,48.23186,342.0,27.0
529,225.0,231.0,48.90267,343.0,12.0
530,225.0,340.0,59.30616,343.0,27.0
531,226.0,320.0,59.77615,344.0,425.0
532,226.0,326.0,57.17868,344.0,25.0
533,227.0,228.0,49.52981,345.0,346.0
534,227.0,257.0,51.52311,345.0,17.0
535,228.0,232.0,48.51557,346.0,349.0
536,228.0,257.0,35.45762,346.0,17.0
537,229.0,244.0,59.92365,347.0,359.0
538,230.0,240.0,23.84952,348.0,355.0
539,230.0,245.0,58.74611,348.0,15.0
540,230.0,357.0,43.5756,348.0,29.0
541,231.0,243.0,30.01904,12.0,358.0
542,231.0,250.0,59.89284,12.0,16.0
543,231.0,340.0,53.0737,12.0,27.0
544,232.0,257.0,34.67092,349.0,17.0
545,233.0,235.0,59.80594,13.0,351.0
546,233.0,243.0,53.19094,13.0,358.0
547,233.0,340.0,41.46235,13.0,27.0
548,234.0,244.0,59.94462,350.0,359.0
549,235.0,243.0,52.36915,351.0,358.0
550,235.0,340.0,48.77835,351.0,27.0
551,236.0,238.0,60.10339,352.0,353.0
552,236.0,257.0,44.02336,352.0,17.0
553,237.0,257.0,55.73309,14.0,17.0
554,237.0,265.0,54.35667,14.0,377.0
555,237.0,326.0,32.77724,14.0,25.0
556,238.0,241.0,25.67623,353.0,356.0
557,238.0,257.0,41.8671,353.0,17.0
558,239.0,244.0,59.99161,354.0,359.0
559,240.0,244.0,59.75117,355.0,359.0
560,240.0,245.0,47.70461,355.0,15.0
561,240.0,357.0,23.05496,355.0,29.0
562,241.0,257.0,23.16604,356.0,17.0
563,242.0,245.0,43.06614,357.0,15.0
564,242.0,357.0,31.58316,357.0,29.0
565,243.0,286.0,28.39925,358.0,396.0
566,243.0,287.0,38.46712,358.0,397.0
567,243.0,340.0,35.51449,358.0,27.0
568,244.0,257.0,29.64847,359.0,17.0
569,244.0,274.0,51.25695,359.0,386.0
570,244.0,277.0,23.35419,359.0,389.0
571,244.0,356.0,35.19056,359.0,457.0
572,244.0,357.0,49.41068,359.0,29.0
573,245.0,249.0,47.71029,15.0,363.0
574,245.0,253.0,48.73501,15.0,366.0
575,245.0,280.0,38.43697,15.0,392.0
576,245.0,357.0,25.95177,15.0,29.0
577,246.0,291.0,37.29935,360.0,20.0
578,246.0,333.0,44.17395,360.0,26.0
579,247.0,250.0,20.18739,361.0,16.0
580,247.0,340.0,59.12049,361.0,27.0
581,248.0,257.0,33.68662,362.0,17.0
582,248.0,348.0,44.70705,362.0,28.0
583,249.0,253.0,35.59234,363.0,366.0
584,249.0,280.0,41.28484,363.0,392.0
585,250.0,252.0,59.5817,16.0,365.0
586,250.0,285.0,51.87683,16.0,19.0
587,250.0,291.0,55.46496,16.0,20.0
588,250.0,300.0,54.65545,16.0,21.0
589,250.0,301.0,18.82189,16.0,22.0
590,250.0,340.0,46.18367,16.0,27.0
591,251.0,252.0,55.10612,364.0,365.0
592,251.0,301.0,34.66943,364.0,22.0
593,251.0,317.0,47.39229,364.0,422.0
594,252.0,300.0,22.47386,365.0,21.0
595,252.0,301.0,45.01628,365.0,22.0
596,252.0,317.0,48.52287,365.0,422.0
597,253.0,280.0,57.06232,366.0,392.0
598,253.0,281.0,59.88416,366.0,18.0
599,254.0,281.0,19.74448,367.0,18.0
600,255.0,256.0,35.72821,368.0,369.0
601,255.0,281.0,29.27411,368.0,18.0
602,256.0,258.0,37.3705,369.0,370.0
603,256.0,281.0,56.12536,369.0,18.0
604,256.0,304.0,45.85928,369.0,411.0
605,257.0,259.0,34.55664,17.0,371.0
606,257.0,265.0,26.14367,17.0,377.0
607,257.0,266.0,56.21527,17.0,378.0
608,257.0,274.0,51.05011,17.0,386.0
609,257.0,348.0,46.25301,17.0,28.0
610,258.0,260.0,48.44439,370.0,372.0
611,258.0,304.0,57.5759,370.0,411.0
612,259.0,261.0,31.15928,371.0,373.0
613,259.0,348.0,44.94974,371.0,28.0
614,260.0,263.0,35.46346,372.0,375.0
615,260.0,304.0,39.4461,372.0,411.0
616,261.0,262.0,45.35608,373.0,374.0
617,261.0,348.0,26.7654,373.0,28.0
618,262.0,348.0,54.63428,374.0,28.0
619,263.0,304.0,59.94179,375.0,411.0
620,264.0,281.0,57.43309,376.0,18.0
621,264.0,291.0,33.11984,376.0,20.0
622,264.0,304.0,35.76531,376.0,411.0
623,264.0,307.0,38.18719,376.0,23.0
624,264.0,311.0,56.84062,376.0,416.0
625,265.0,326.0,58.28974,377.0,25.0
626,265.0,348.0,52.8679,377.0,28.0
627,266.0,268.0,38.0757,378.0,380.0
628,266.0,274.0,38.86864,378.0,386.0
629,266.0,282.0,19.07162,378.0,393.0
630,266.0,348.0,36.83896,378.0,28.0
631,267.0,273.0,47.81252,379.0,385.0
632,267.0,348.0,44.74697,379.0,28.0
633,268.0,282.0,57.07629,380.0,393.0
634,268.0,348.0,45.80265,380.0,28.0
635,269.0,304.0,59.97096,381.0,411.0
636,270.0,304.0,59.96785,382.0,411.0
637,271.0,275.0,52.556,383.0,387.0
638,271.0,304.0,18.75412,383.0,411.0
639,271.0,311.0,54.54361,383.0,416.0
640,272.0,326.0,36.27306,384.0,25.0
641,273.0,276.0,48.86668,385.0,388.0
642,273.0,348.0,51.06963,385.0,28.0
643,274.0,277.0,59.93839,386.0,389.0
644,274.0,282.0,41.5048,386.0,393.0
645,275.0,311.0,32.0607,387.0,416.0
646,276.0,348.0,32.84092,388.0,28.0
647,277.0,282.0,58.70344,389.0,393.0
648,277.0,309.0,38.193,389.0,24.0
649,277.0,356.0,43.94645,389.0,457.0
650,278.0,279.0,46.42696,390.0,391.0
651,278.0,348.0,59.56233,390.0,28.0
652,279.0,348.0,44.77118,391.0,28.0
653,280.0,281.0,29.53961,392.0,18.0
654,280.0,357.0,59.87495,392.0,29.0
655,281.0,283.0,29.81789,18.0,394.0
656,281.0,304.0,59.86502,18.0,411.0
657,281.0,357.0,44.31031,18.0,29.0
658,282.0,309.0,53.33997,393.0,24.0
659,282.0,348.0,46.02659,393.0,28.0
660,282.0,363.0,56.83091,393.0,462.0
661,283.0,304.0,57.79349,394.0,411.0
662,283.0,357.0,59.56322,394.0,29.0
663,284.0,305.0,31.91654,395.0,412.0
664,285.0,291.0,59.45023,19.0,20.0
665,285.0,300.0,59.64265,19.0,21.0
666,285.0,392.0,46.01314,19.0,32.0
667,286.0,287.0,37.29874,396.0,397.0
668,286.0,340.0,40.95449,396.0,27.0
669,286.0,342.0,44.51892,396.0,444.0
670,286.0,383.0,53.11736,396.0,31.0
671,287.0,383.0,41.28088,397.0,31.0
672,288.0,294.0,54.32419,398.0,403.0
673,288.0,356.0,45.68504,398.0,457.0
674,288.0,357.0,55.12351,398.0,29.0
675,289.0,305.0,33.02408,399.0,412.0
676,289.0,311.0,44.49236,399.0,416.0
677,290.0,295.0,52.25736,400.0,404.0
678,290.0,305.0,51.40276,400.0,412.0
679,291.0,307.0,38.98141,20.0,23.0
680,291.0,315.0,42.29231,20.0,420.0
681,291.0,316.0,46.89196,20.0,421.0
682,291.0,329.0,39.52414,20.0,433.0
683,291.0,333.0,42.1375,20.0,26.0
684,291.0,392.0,19.18943,20.0,32.0
685,292.0,296.0,45.23471,401.0,405.0
686,292.0,348.0,53.80956,401.0,28.0
687,293.0,363.0,34.97093,402.0,462.0
688,294.0,298.0,47.0674,403.0,407.0
689,294.0,356.0,58.56126,403.0,457.0
690,295.0,299.0,37.39105,404.0,408.0
691,295.0,305.0,55.89256,404.0,412.0
692,296.0,348.0,28.23528,405.0,28.0
693,297.0,298.0,44.85663,406.0,407.0
694,297.0,303.0,49.08751,406.0,410.0
695,297.0,356.0,59.55277,406.0,457.0
696,298.0,356.0,44.84277,407.0,457.0
697,299.0,305.0,46.33116,408.0,412.0
698,299.0,306.0,36.43072,408.0,413.0
699,299.0,470.0,57.03049,408.0,41.0
700,300.0,317.0,59.71736,21.0,422.0
701,300.0,392.0,19.49399,21.0,32.0
702,301.0,317.0,34.93136,22.0,422.0
703,301.0,340.0,59.13998,22.0,27.0
704,301.0,360.0,31.48854,22.0,30.0
705,302.0,340.0,59.79791,409.0,27.0
706,303.0,310.0,46.75311,410.0,415.0
707,303.0,356.0,37.14141,410.0,457.0
708,304.0,311.0,59.69913,411.0,416.0
709,304.0,322.0,36.95432,411.0,427.0
710,304.0,357.0,39.65956,411.0,29.0
711,305.0,307.0,54.53148,412.0,23.0
712,305.0,311.0,50.99038,412.0,416.0
713,305.0,470.0,59.75002,412.0,41.0
714,306.0,312.0,33.20181,413.0,417.0
715,306.0,470.0,35.07862,413.0,41.0
716,307.0,311.0,43.44841,23.0,416.0
717,307.0,333.0,59.68775,23.0,26.0
718,307.0,470.0,55.60715,23.0,41.0
719,308.0,317.0,39.66621,414.0,422.0
720,308.0,360.0,53.8155,414.0,30.0
721,309.0,356.0,59.98419,24.0,457.0
722,309.0,363.0,42.42059,24.0,462.0
723,310.0,313.0,36.33989,415.0,418.0
724,310.0,356.0,59.12375,415.0,457.0
725,311.0,322.0,26.83394,416.0,427.0
726,311.0,470.0,18.76969,416.0,41.0
727,312.0,314.0,36.05357,417.0,419.0
728,312.0,470.0,60.65954,417.0,41.0
729,313.0,318.0,44.3578,418.0,423.0
730,313.0,356.0,32.58752,418.0,457.0
731,314.0,470.0,39.26919,419.0,41.0
732,315.0,316.0,50.07747,420.0,421.0
733,315.0,329.0,59.49866,420.0,433.0
734,315.0,400.0,56.13883,420.0,33.0
735,316.0,392.0,59.43312,421.0,32.0
736,316.0,400.0,48.48824,421.0,33.0
737,317.0,323.0,59.62394,422.0,428.0
738,317.0,360.0,34.54693,422.0,30.0
739,317.0,377.0,45.82963,422.0,476.0
740,317.0,392.0,46.22422,422.0,32.0
741,318.0,321.0,53.23323,423.0,426.0
742,318.0,356.0,55.21696,423.0,457.0
743,319.0,342.0,44.93146,424.0,444.0
744,319.0,383.0,54.11583,424.0,31.0
745,320.0,325.0,46.19923,425.0,430.0
746,320.0,326.0,29.36813,425.0,25.0
747,320.0,331.0,56.80706,425.0,435.0
748,320.0,388.0,45.57868,425.0,486.0
749,321.0,356.0,37.96486,426.0,457.0
750,322.0,357.0,59.70151,427.0,29.0
751,322.0,470.0,43.86623,427.0,41.0
752,323.0,377.0,16.97451,428.0,476.0
753,323.0,392.0,49.41249,428.0,32.0
754,324.0,327.0,48.96323,429.0,431.0
755,324.0,356.0,39.47739,429.0,457.0
756,325.0,326.0,28.04323,430.0,25.0
757,325.0,331.0,59.20464,430.0,435.0
758,325.0,384.0,37.95121,430.0,482.0
759,326.0,336.0,35.293,25.0,439.0
760,326.0,348.0,32.73602,25.0,28.0
761,326.0,355.0,33.14631,25.0,456.0
762,326.0,384.0,39.72201,25.0,482.0
763,326.0,490.0,28.37904,25.0,44.0
764,326.0,525.0,49.45288,25.0,52.0
765,327.0,328.0,50.45503,431.0,432.0
766,327.0,356.0,50.07759,431.0,457.0
767,328.0,332.0,27.91408,432.0,436.0
768,328.0,356.0,47.44126,432.0,457.0
769,329.0,333.0,59.70375,433.0,26.0
770,329.0,400.0,22.81437,433.0,33.0
771,330.0,335.0,27.72027,434.0,438.0
772,330.0,340.0,34.35542,434.0,27.0
773,331.0,341.0,25.25307,435.0,443.0
774,331.0,353.0,39.46417,435.0,454.0
775,331.0,384.0,49.58452,435.0,482.0
776,331.0,388.0,58.67053,435.0,486.0
777,332.0,356.0,52.91426,436.0,457.0
778,333.0,334.0,60.00177,26.0,437.0
779,333.0,338.0,44.85776,26.0,441.0
780,333.0,400.0,56.1568,26.0,33.0
781,333.0,470.0,16.64089,26.0,41.0
782,334.0,400.0,35.2378,437.0,33.0
783,335.0,340.0,22.25249,438.0,27.0
784,335.0,360.0,59.68111,438.0,30.0
785,336.0,384.0,59.84473,439.0,482.0
786,336.0,490.0,38.43777,439.0,44.0
787,337.0,339.0,35.35347,440.0,442.0
788,337.0,356.0,33.37123,440.0,457.0
789,338.0,400.0,44.81949,441.0,33.0
790,338.0,470.0,44.23741,441.0,41.0
791,339.0,356.0,45.22928,442.0,457.0
792,340.0,342.0,59.60482,27.0,444.0
793,340.0,360.0,52.05134,27.0,30.0
794,340.0,463.0,24.13719,27.0,39.0
795,341.0,353.0,58.48502,443.0,454.0
796,341.0,388.0,59.81738,443.0,486.0
797,342.0,383.0,53.59423,444.0,31.0
798,342.0,463.0,49.44622,444.0,39.0
799,343.0,344.0,35.72292,445.0,446.0
800,343.0,346.0,49.6832,445.0,448.0
801,343.0,384.0,35.72368,445.0,482.0
802,343.0,490.0,32.37239,445.0,44.0
803,344.0,346.0,32.29693,446.0,448.0
804,344.0,490.0,40.14875,446.0,44.0
805,345.0,346.0,15.99855,447.0,448.0
806,345.0,384.0,43.58119,447.0,482.0
807,345.0,490.0,53.18766,447.0,44.0
808,346.0,384.0,32.39941,448.0,482.0
809,346.0,490.0,59.03447,448.0,44.0
810,347.0,348.0,44.80035,449.0,28.0
811,347.0,350.0,44.62639,449.0,451.0
812,347.0,351.0,48.44926,449.0,452.0
813,347.0,525.0,45.81915,449.0,52.0
814,348.0,351.0,59.85022,28.0,452.0
815,348.0,362.0,61.05606,28.0,461.0
816,348.0,363.0,50.10479,28.0,462.0
817,348.0,405.0,50.51138,28.0,34.0
818,348.0,525.0,54.61644,28.0,52.0
819,349.0,381.0,59.62044,450.0,480.0
820,349.0,400.0,25.69432,450.0,33.0
821,350.0,351.0,59.6338,451.0,452.0
822,350.0,362.0,60.67686,451.0,461.0
823,350.0,511.0,39.97607,451.0,592.0
824,350.0,525.0,54.83606,451.0,52.0
825,351.0,362.0,16.38406,452.0,461.0
826,352.0,356.0,44.52167,453.0,457.0
827,352.0,436.0,57.88356,453.0,36.0
828,353.0,384.0,25.85035,454.0,482.0
829,353.0,388.0,29.2432,454.0,486.0
830,354.0,355.0,44.74991,455.0,456.0
831,354.0,525.0,44.88774,455.0,52.0
832,355.0,490.0,40.45519,456.0,44.0
833,355.0,525.0,54.82124,456.0,52.0
834,356.0,357.0,59.59811,457.0,29.0
835,356.0,363.0,48.84496,457.0,462.0
836,356.0,364.0,26.12689,457.0,463.0
837,356.0,406.0,48.26779,457.0,35.0
838,356.0,436.0,23.4268,457.0,36.0
839,357.0,406.0,51.35049,29.0,35.0
840,357.0,470.0,27.1894,29.0,41.0
841,358.0,361.0,48.81819,458.0,460.0
842,358.0,525.0,43.51361,458.0,52.0
843,359.0,364.0,26.13139,459.0,463.0
844,359.0,436.0,23.80801,459.0,36.0
845,360.0,369.0,59.90314,30.0,468.0
846,360.0,377.0,59.99061,30.0,476.0
847,360.0,463.0,43.73673,30.0,39.0
848,361.0,525.0,28.75316,460.0,52.0
849,362.0,405.0,59.6926,461.0,34.0
850,362.0,511.0,47.67853,461.0,592.0
851,363.0,364.0,59.32151,462.0,463.0
852,363.0,367.0,33.15456,462.0,466.0
853,363.0,405.0,16.24053,462.0,34.0
854,363.0,436.0,41.49713,462.0,36.0
855,364.0,436.0,31.62004,463.0,36.0
856,365.0,368.0,56.47998,464.0,467.0
857,365.0,436.0,24.07023,464.0,36.0
858,366.0,381.0,51.01899,465.0,480.0
859,366.0,400.0,33.78277,465.0,33.0
860,366.0,462.0,59.53003,465.0,38.0
861,367.0,436.0,41.07348,466.0,36.0
862,368.0,370.0,54.19361,467.0,469.0
863,368.0,436.0,47.49333,467.0,36.0
864,369.0,377.0,38.57848,468.0,476.0
865,369.0,378.0,33.22069,468.0,477.0
866,369.0,424.0,41.11704,468.0,518.0
867,369.0,463.0,43.87036,468.0,39.0
868,370.0,436.0,37.63178,469.0,36.0
869,371.0,374.0,38.3409,470.0,473.0
870,371.0,436.0,52.99527,470.0,36.0
871,372.0,392.0,48.46168,471.0,32.0
872,372.0,400.0,59.6345,471.0,33.0
873,373.0,376.0,30.73509,472.0,475.0
874,373.0,525.0,40.66277,472.0,52.0
875,374.0,436.0,20.15128,473.0,36.0
876,375.0,406.0,30.69725,474.0,35.0
877,376.0,511.0,41.08065,475.0,592.0
878,376.0,525.0,60.65045,475.0,52.0
879,377.0,378.0,44.27971,476.0,477.0
880,377.0,386.0,30.07724,476.0,484.0
881,377.0,387.0,45.07858,476.0,485.0
882,377.0,392.0,49.9486,476.0,32.0
883,377.0,424.0,36.25473,476.0,518.0
884,377.0,428.0,30.25269,476.0,522.0
885,378.0,424.0,59.98678,477.0,518.0
886,379.0,383.0,57.58009,478.0,31.0
887,379.0,402.0,20.09068,478.0,498.0
888,379.0,444.0,42.17418,478.0,536.0
889,380.0,452.0,40.59496,479.0,544.0
890,380.0,470.0,59.64357,479.0,41.0
891,381.0,400.0,33.97189,480.0,33.0
892,381.0,462.0,25.81542,480.0,38.0
893,381.0,470.0,59.69214,480.0,41.0
894,382.0,383.0,57.39378,481.0,31.0
895,382.0,443.0,49.58753,481.0,37.0
896,382.0,463.0,41.64386,481.0,39.0
897,383.0,402.0,56.40908,31.0,498.0
898,383.0,443.0,29.32885,31.0,37.0
899,383.0,444.0,52.82406,31.0,536.0
900,383.0,463.0,20.08774,31.0,39.0
901,384.0,388.0,18.67843,482.0,486.0
902,384.0,453.0,39.79009,482.0,545.0
903,384.0,490.0,40.88016,482.0,44.0
904,384.0,495.0,54.42282,482.0,46.0
905,385.0,388.0,41.67588,483.0,486.0
906,385.0,453.0,59.04654,483.0,545.0
907,386.0,387.0,59.94648,484.0,485.0
908,386.0,392.0,40.12141,484.0,32.0
909,386.0,398.0,59.82016,484.0,495.0
910,386.0,414.0,31.65015,484.0,508.0
911,386.0,428.0,47.49523,484.0,522.0
912,387.0,428.0,28.50687,485.0,522.0
913,388.0,445.0,50.36314,486.0,537.0
914,388.0,453.0,27.51632,486.0,545.0
915,389.0,453.0,52.72564,487.0,545.0
916,389.0,495.0,58.99252,487.0,46.0
917,390.0,394.0,57.71526,488.0,491.0
918,390.0,511.0,33.98593,488.0,592.0
919,390.0,525.0,36.38763,488.0,52.0
920,391.0,462.0,46.32741,489.0,38.0
921,391.0,470.0,45.84221,489.0,41.0
922,392.0,400.0,38.29275,32.0,33.0
923,392.0,414.0,49.96006,32.0,508.0
924,392.0,427.0,46.70094,32.0,521.0
925,392.0,477.0,43.93788,32.0,42.0
926,392.0,504.0,47.1553,32.0,586.0
927,393.0,395.0,38.40963,490.0,492.0
928,393.0,525.0,29.77342,490.0,52.0
929,394.0,511.0,36.37315,491.0,592.0
930,394.0,525.0,34.28198,491.0,52.0
931,395.0,396.0,58.54026,492.0,493.0
932,395.0,399.0,44.99475,492.0,496.0
933,395.0,525.0,31.97407,492.0,52.0
934,396.0,399.0,32.83414,493.0,496.0
935,396.0,511.0,33.07356,493.0,592.0
936,396.0,525.0,37.41973,493.0,52.0
937,397.0,437.0,59.56142,494.0,530.0
938,397.0,452.0,59.36503,494.0,544.0
939,397.0,470.0,31.13139,494.0,41.0
940,398.0,401.0,53.77832,495.0,497.0
941,398.0,409.0,58.23986,495.0,503.0
942,398.0,414.0,47.59364,495.0,508.0
943,398.0,428.0,44.89609,495.0,522.0
944,399.0,511.0,38.51804,496.0,592.0
945,399.0,525.0,52.51697,496.0,52.0
946,400.0,427.0,49.72824,33.0,521.0
947,400.0,462.0,46.69549,33.0,38.0
948,400.0,470.0,58.89905,33.0,41.0
949,401.0,409.0,51.51805,497.0,503.0
950,401.0,428.0,55.68583,497.0,522.0
951,401.0,523.0,37.92744,497.0,51.0
952,402.0,403.0,59.70386,498.0,499.0
953,402.0,444.0,55.97714,498.0,536.0
954,403.0,404.0,60.20332,499.0,500.0
955,403.0,444.0,52.1471,499.0,536.0
956,404.0,439.0,44.04034,500.0,532.0
957,404.0,444.0,44.27827,500.0,536.0
958,405.0,416.0,11.39914,34.0,510.0
959,405.0,436.0,47.54764,34.0,36.0
960,405.0,447.0,57.44462,34.0,539.0
961,405.0,511.0,16.04612,34.0,592.0
962,405.0,512.0,16.15297,34.0,49.0
963,405.0,525.0,48.27536,34.0,52.0
964,406.0,436.0,56.8085,35.0,36.0
965,406.0,452.0,59.85696,35.0,544.0
966,406.0,470.0,30.41899,35.0,41.0
967,407.0,470.0,59.79966,501.0,41.0
968,408.0,423.0,59.85195,502.0,517.0
969,409.0,414.0,59.88441,503.0,508.0
970,409.0,523.0,46.13118,503.0,51.0
971,410.0,415.0,27.81281,504.0,509.0
972,410.0,525.0,51.04037,504.0,52.0
973,411.0,470.0,59.91809,505.0,41.0
974,412.0,470.0,59.92119,506.0,41.0
975,413.0,470.0,59.85174,507.0,41.0
976,414.0,504.0,38.33984,508.0,586.0
977,414.0,507.0,47.04861,508.0,48.0
978,414.0,523.0,31.05419,508.0,51.0
979,415.0,511.0,29.34483,509.0,592.0
980,415.0,525.0,59.95364,509.0,52.0
981,416.0,436.0,41.15789,510.0,36.0
982,416.0,447.0,58.48005,510.0,539.0
983,417.0,418.0,59.94116,511.0,512.0
984,417.0,450.0,59.66049,511.0,542.0
985,418.0,437.0,30.71908,512.0,530.0
986,418.0,450.0,38.21301,512.0,542.0
987,418.0,470.0,59.87254,512.0,41.0
988,419.0,470.0,59.94586,513.0,41.0
989,420.0,470.0,59.95274,514.0,41.0
990,421.0,470.0,59.93579,515.0,41.0
991,422.0,470.0,59.27191,516.0,41.0
992,423.0,462.0,25.39181,517.0,38.0
993,423.0,470.0,59.95151,517.0,41.0
994,423.0,483.0,38.76475,517.0,43.0
995,424.0,428.0,19.3226,518.0,522.0
996,424.0,429.0,31.17733,518.0,523.0
997,424.0,430.0,51.13396,518.0,524.0
998,424.0,463.0,23.44878,518.0,39.0
999,424.0,471.0,26.07377,518.0,559.0
1000,425.0,432.0,59.38016,519.0,526.0
1001,425.0,495.0,53.38802,519.0,46.0
1002,426.0,433.0,28.71174,520.0,527.0
1003,426.0,511.0,46.17749,520.0,592.0
1004,426.0,525.0,31.46634,520.0,52.0
1005,427.0,462.0,45.56349,521.0,38.0
1006,427.0,477.0,59.96821,521.0,42.0
1007,428.0,429.0,16.31737,522.0,523.0
1008,428.0,523.0,52.26184,522.0,51.0
1009,429.0,430.0,33.2939,523.0,524.0
1010,429.0,523.0,59.91999,523.0,51.0
1011,430.0,460.0,34.89427,524.0,552.0
1012,430.0,471.0,37.64469,524.0,559.0
1013,430.0,523.0,30.52849,524.0,51.0
1014,431.0,453.0,38.59851,525.0,545.0
1015,431.0,495.0,44.80284,525.0,46.0
1016,432.0,440.0,51.0919,526.0,533.0
1017,432.0,495.0,33.90675,526.0,46.0
1018,433.0,511.0,30.13298,527.0,592.0
1019,433.0,525.0,29.68688,527.0,52.0
1020,434.0,435.0,49.80686,528.0,529.0
1021,434.0,436.0,59.17217,528.0,36.0
1022,434.0,441.0,56.57737,528.0,534.0
1023,434.0,447.0,49.5026,528.0,539.0
1024,435.0,436.0,18.65873,529.0,36.0
1025,435.0,441.0,36.81272,529.0,534.0
1026,435.0,452.0,55.56098,529.0,544.0
1027,436.0,447.0,18.70167,36.0,539.0
1028,436.0,452.0,38.03532,36.0,544.0
1029,437.0,438.0,59.48014,530.0,531.0
1030,437.0,450.0,53.07046,530.0,542.0
1031,437.0,452.0,38.83906,530.0,544.0
1032,437.0,470.0,36.63495,530.0,41.0
1033,437.0,493.0,59.11932,530.0,45.0
1034,438.0,450.0,36.32051,531.0,542.0
1035,438.0,493.0,38.28737,531.0,45.0
1036,438.0,599.0,51.39528,531.0,61.0
1037,439.0,444.0,46.41296,532.0,536.0
1038,439.0,463.0,46.58611,532.0,39.0
1039,440.0,495.0,49.25339,533.0,46.0
1040,441.0,447.0,36.61473,534.0,539.0
1041,441.0,452.0,47.97298,534.0,544.0
1042,442.0,511.0,60.54571,535.0,592.0
1043,442.0,525.0,50.66326,535.0,52.0
1044,443.0,444.0,59.25417,37.0,536.0
1045,443.0,463.0,45.27833,37.0,39.0
1046,444.0,463.0,58.89787,536.0,39.0
1047,445.0,453.0,56.77699,537.0,545.0
1048,445.0,464.0,59.94524,537.0,554.0
1049,446.0,511.0,57.45405,538.0,592.0
1050,446.0,525.0,42.03428,538.0,52.0
1051,447.0,452.0,55.72235,539.0,544.0
1052,447.0,466.0,59.50625,539.0,40.0
1053,447.0,512.0,46.29582,539.0,49.0
1054,447.0,514.0,27.23612,539.0,594.0
1055,448.0,463.0,46.08379,540.0,39.0
1056,448.0,474.0,46.81988,540.0,562.0
1057,449.0,512.0,42.54014,541.0,49.0
1058,449.0,514.0,33.95885,541.0,594.0
1059,450.0,470.0,59.2256,542.0,41.0
1060,450.0,599.0,51.94074,542.0,61.0
1061,451.0,462.0,31.79524,543.0,38.0
1062,451.0,503.0,32.86535,543.0,47.0
1063,452.0,466.0,26.59825,544.0,40.0
1064,452.0,470.0,40.94888,544.0,41.0
1065,452.0,493.0,59.47834,544.0,45.0
1066,453.0,464.0,36.09641,545.0,554.0
1067,453.0,467.0,59.68707,545.0,556.0
1068,453.0,495.0,50.99954,545.0,46.0
1069,454.0,458.0,23.11486,546.0,550.0
1070,454.0,511.0,36.40515,546.0,592.0
1071,454.0,525.0,31.22916,546.0,52.0
1072,455.0,523.0,31.57201,547.0,51.0
1073,456.0,463.0,21.37997,548.0,39.0
1074,456.0,486.0,59.44338,548.0,572.0
1075,457.0,472.0,44.57869,549.0,560.0
1076,457.0,474.0,46.66997,549.0,562.0
1077,458.0,461.0,49.52013,550.0,553.0
1078,458.0,511.0,32.49237,550.0,592.0
1079,458.0,525.0,50.35738,550.0,52.0
1080,459.0,512.0,34.19043,551.0,49.0
1081,459.0,514.0,36.34312,551.0,594.0
1082,460.0,471.0,59.9234,552.0,559.0
1083,460.0,523.0,49.47623,552.0,51.0
1084,461.0,465.0,36.48633,553.0,555.0
1085,461.0,511.0,46.5871,553.0,592.0
1086,461.0,525.0,43.08876,553.0,52.0
1087,462.0,470.0,53.53987,38.0,41.0
1088,462.0,477.0,40.48432,38.0,42.0
1089,462.0,483.0,49.94957,38.0,43.0
1090,462.0,503.0,53.58101,38.0,47.0
1091,463.0,471.0,43.53894,39.0,559.0
1092,463.0,474.0,58.90404,39.0,562.0
1093,463.0,486.0,53.09644,39.0,572.0
1094,464.0,467.0,39.51613,554.0,556.0
1095,464.0,476.0,45.85244,554.0,564.0
1096,464.0,494.0,24.80923,554.0,578.0
1097,465.0,511.0,54.42838,555.0,592.0
1098,465.0,525.0,55.48566,555.0,52.0
1099,466.0,492.0,35.43091,40.0,577.0
1100,466.0,493.0,44.05051,40.0,45.0
1101,466.0,514.0,47.55403,40.0,594.0
1102,467.0,473.0,59.49917,556.0,561.0
1103,467.0,476.0,34.79213,556.0,564.0
1104,467.0,495.0,22.21786,556.0,46.0
1105,468.0,472.0,35.78993,557.0,560.0
1106,468.0,474.0,35.0836,557.0,562.0
1107,468.0,518.0,42.55815,557.0,50.0
1108,469.0,511.0,35.23777,558.0,592.0
1109,469.0,525.0,35.15754,558.0,52.0
1110,470.0,483.0,59.81736,41.0,43.0
1111,470.0,508.0,49.43176,41.0,589.0
1112,470.0,599.0,26.50969,41.0,61.0
1113,471.0,486.0,52.46631,559.0,572.0
1114,471.0,523.0,59.63492,559.0,51.0
1115,472.0,474.0,47.15971,560.0,562.0
1116,472.0,475.0,59.61517,560.0,563.0
1117,472.0,518.0,21.01224,560.0,50.0
1118,473.0,476.0,59.35098,561.0,564.0
1119,473.0,495.0,51.0991,561.0,46.0
1120,473.0,619.0,41.06327,561.0,66.0
1121,474.0,478.0,26.96856,562.0,565.0
1122,474.0,481.0,59.94992,562.0,568.0
1123,474.0,486.0,42.54787,562.0,572.0
1124,474.0,518.0,39.95325,562.0,50.0
1125,475.0,518.0,52.15832,563.0,50.0
1126,476.0,494.0,59.97929,564.0,578.0
1127,476.0,619.0,29.82237,564.0,66.0
1128,477.0,479.0,39.14953,42.0,566.0
1129,477.0,503.0,43.16812,42.0,47.0
1130,477.0,504.0,59.74394,42.0,586.0
1131,478.0,481.0,51.97742,565.0,568.0
1132,478.0,486.0,56.73171,565.0,572.0
1133,478.0,488.0,43.04018,565.0,574.0
1134,479.0,503.0,50.16475,566.0,47.0
1135,479.0,504.0,36.41347,566.0,586.0
1136,480.0,481.0,46.35625,567.0,568.0
1137,480.0,488.0,44.8065,567.0,574.0
1138,481.0,482.0,46.30422,568.0,569.0
1139,481.0,488.0,51.21853,568.0,574.0
1140,481.0,518.0,43.83899,568.0,50.0
1141,482.0,518.0,44.69134,569.0,50.0
1142,483.0,503.0,59.55994,43.0,47.0
1143,483.0,599.0,49.05627,43.0,61.0
1144,484.0,514.0,36.56268,570.0,594.0
1145,485.0,523.0,34.61052,571.0,51.0
1146,485.0,567.0,59.43651,571.0,56.0
1147,486.0,488.0,25.20698,572.0,574.0
1148,486.0,523.0,44.95412,572.0,51.0
1149,486.0,569.0,37.1779,572.0,57.0
1150,487.0,493.0,44.3666,573.0,45.0
1151,487.0,599.0,41.05827,573.0,61.0
1152,488.0,518.0,16.939,574.0,50.0
1153,488.0,569.0,20.56151,574.0,57.0
1154,489.0,495.0,42.77101,575.0,46.0
1155,489.0,619.0,28.905,575.0,66.0
1156,490.0,495.0,59.85248,44.0,46.0
1157,490.0,525.0,59.91672,44.0,52.0
1158,490.0,541.0,22.23842,44.0,616.0
1159,491.0,496.0,58.16871,576.0,579.0
1160,491.0,511.0,26.74448,576.0,592.0
1161,491.0,525.0,44.0528,576.0,52.0
1162,492.0,493.0,59.94476,577.0,45.0
1163,492.0,514.0,54.66243,577.0,594.0
1164,492.0,537.0,43.30442,577.0,54.0
1165,492.0,599.0,41.77222,577.0,61.0
1166,493.0,599.0,40.09569,45.0,61.0
1167,494.0,500.0,59.9277,578.0,583.0
1168,494.0,619.0,54.96866,578.0,66.0
1169,495.0,541.0,48.7768,46.0,616.0
1170,495.0,619.0,33.80307,46.0,66.0
1171,496.0,511.0,57.22549,579.0,592.0
1172,496.0,525.0,52.50344,579.0,52.0
1173,497.0,502.0,39.0309,580.0,585.0
1174,497.0,514.0,20.51857,580.0,594.0
1175,497.0,515.0,53.16432,580.0,595.0
1176,498.0,503.0,44.06844,581.0,47.0
1177,498.0,564.0,23.86445,581.0,638.0
1178,499.0,503.0,44.86944,582.0,47.0
1179,499.0,564.0,54.29673,582.0,638.0
1180,500.0,505.0,59.96386,583.0,587.0
1181,500.0,619.0,30.04551,583.0,66.0
1182,501.0,525.0,59.7229,584.0,52.0
1183,501.0,534.0,22.26222,584.0,53.0
1184,501.0,600.0,51.05836,584.0,62.0
1185,502.0,514.0,51.07317,585.0,594.0
1186,502.0,515.0,43.33955,585.0,595.0
1187,503.0,504.0,30.556,47.0,586.0
1188,503.0,564.0,41.65847,47.0,638.0
1189,503.0,599.0,26.00493,47.0,61.0
1190,504.0,507.0,59.82344,586.0,48.0
1191,504.0,564.0,57.86558,586.0,638.0
1192,504.0,596.0,59.48819,586.0,60.0
1193,505.0,526.0,59.97481,587.0,603.0
1194,505.0,619.0,54.75529,587.0,66.0
1195,506.0,507.0,47.57113,588.0,48.0
1196,506.0,509.0,49.24366,588.0,590.0
1197,506.0,596.0,32.59151,588.0,60.0
1198,507.0,523.0,34.9464,48.0,51.0
1199,507.0,567.0,59.76184,48.0,56.0
1200,507.0,596.0,39.05693,48.0,60.0
1201,508.0,599.0,59.8363,589.0,61.0
1202,509.0,516.0,40.08235,590.0,596.0
1203,509.0,596.0,58.87241,590.0,60.0
1204,510.0,511.0,34.1862,591.0,592.0
1205,510.0,513.0,41.57443,591.0,593.0
1206,510.0,525.0,36.61037,591.0,52.0
1207,511.0,525.0,59.69584,592.0,52.0
1208,512.0,514.0,59.68845,49.0,594.0
1209,512.0,525.0,59.61018,49.0,52.0
1210,512.0,529.0,43.21596,49.0,606.0
1211,512.0,546.0,34.96191,49.0,55.0
1212,513.0,519.0,46.94036,593.0,598.0
1213,513.0,525.0,36.70246,593.0,52.0
1214,514.0,515.0,55.04135,594.0,595.0
1215,514.0,520.0,44.4764,594.0,599.0
1216,514.0,537.0,35.69693,594.0,54.0
1217,514.0,546.0,28.26361,594.0,55.0
1218,515.0,537.0,59.91181,595.0,54.0
1219,515.0,546.0,49.77037,595.0,55.0
1220,516.0,596.0,59.00572,596.0,60.0
1221,517.0,539.0,35.10161,597.0,614.0
1222,517.0,571.0,54.01325,597.0,58.0
1223,518.0,539.0,59.90084,50.0,614.0
1224,518.0,569.0,23.64007,50.0,57.0
1225,519.0,525.0,33.97158,598.0,52.0
1226,520.0,546.0,57.57781,599.0,55.0
1227,521.0,525.0,42.54277,600.0,52.0
1228,521.0,600.0,59.47126,600.0,62.0
1229,522.0,537.0,34.45446,601.0,54.0
1230,523.0,567.0,59.02714,51.0,56.0
1231,523.0,569.0,59.80296,51.0,57.0
1232,524.0,525.0,36.06205,602.0,52.0
1233,524.0,527.0,48.79598,602.0,604.0
1234,524.0,528.0,40.35697,602.0,605.0
1235,524.0,562.0,36.4222,602.0,636.0
1236,525.0,527.0,42.15367,52.0,604.0
1237,525.0,528.0,36.34729,52.0,605.0
1238,525.0,541.0,50.37275,52.0,616.0
1239,525.0,546.0,28.10121,52.0,55.0
1240,525.0,556.0,44.97923,52.0,630.0
1241,525.0,562.0,43.30622,52.0,636.0
1242,525.0,600.0,57.6045,52.0,62.0
1243,526.0,540.0,59.95905,603.0,615.0
1244,526.0,619.0,30.12598,603.0,66.0
1245,527.0,562.0,41.97255,604.0,636.0
1246,527.0,600.0,59.19391,604.0,62.0
1247,528.0,530.0,30.09216,605.0,607.0
1248,528.0,562.0,31.28633,605.0,636.0
1249,529.0,546.0,59.72832,606.0,55.0
1250,530.0,562.0,36.03418,607.0,636.0
1251,531.0,546.0,49.31232,608.0,55.0
1252,531.0,591.0,57.82536,608.0,661.0
1253,532.0,546.0,59.71891,609.0,55.0
1254,533.0,537.0,39.49536,610.0,54.0
1255,533.0,591.0,44.72534,610.0,661.0
1256,534.0,600.0,59.74692,53.0,62.0
1257,535.0,562.0,54.92573,611.0,636.0
1258,536.0,542.0,38.45674,612.0,617.0
1259,536.0,591.0,38.61141,612.0,661.0
1260,537.0,546.0,58.48553,54.0,55.0
1261,537.0,591.0,50.67514,54.0,661.0
1262,537.0,599.0,59.39543,54.0,61.0
1263,538.0,596.0,34.82335,613.0,60.0
1264,539.0,569.0,52.13163,614.0,57.0
1265,539.0,571.0,22.7459,614.0,58.0
1266,539.0,588.0,52.23885,614.0,658.0
1267,539.0,645.0,59.96336,614.0,68.0
1268,540.0,619.0,54.69681,615.0,66.0
1269,541.0,580.0,58.33954,616.0,651.0
1270,541.0,600.0,59.98044,616.0,62.0
1271,541.0,619.0,15.60349,616.0,66.0
1272,542.0,591.0,56.76504,617.0,661.0
1273,543.0,562.0,59.88911,618.0,636.0
1274,544.0,599.0,59.43923,619.0,61.0
1275,545.0,591.0,37.47745,620.0,661.0
1276,546.0,556.0,59.63559,55.0,630.0
1277,546.0,591.0,51.10808,55.0,661.0
1278,547.0,564.0,59.81253,621.0,638.0
1279,547.0,599.0,44.75763,621.0,61.0
1280,548.0,562.0,56.38894,622.0,636.0
1281,549.0,553.0,59.8733,623.0,627.0
1282,549.0,566.0,50.87204,623.0,640.0
1283,549.0,596.0,21.42029,623.0,60.0
1284,550.0,596.0,62.00751,624.0,60.0
1285,551.0,562.0,42.65435,625.0,636.0
1286,552.0,554.0,44.82953,626.0,628.0
1287,552.0,615.0,22.94938,626.0,65.0
1288,553.0,566.0,34.28855,627.0,640.0
1289,553.0,596.0,50.71743,627.0,60.0
1290,553.0,617.0,60.00002,627.0,681.0
1291,554.0,558.0,42.62709,628.0,632.0
1292,554.0,559.0,34.32893,628.0,633.0
1293,554.0,560.0,35.89338,628.0,634.0
1294,554.0,615.0,48.89564,628.0,65.0
1295,555.0,561.0,15.08696,629.0,635.0
1296,555.0,562.0,35.6439,629.0,636.0
1297,555.0,666.0,38.00815,629.0,721.0
1298,556.0,562.0,26.77714,630.0,636.0
1299,556.0,563.0,46.27587,630.0,637.0
1300,556.0,577.0,50.38063,630.0,648.0
1301,556.0,591.0,39.13399,630.0,661.0
1302,556.0,601.0,53.69062,630.0,63.0
1303,556.0,612.0,50.0876,630.0,678.0
1304,557.0,596.0,37.47872,631.0,60.0
1305,557.0,617.0,47.32985,631.0,681.0
1306,558.0,559.0,28.03169,632.0,633.0
1307,558.0,615.0,57.64399,632.0,65.0
1308,559.0,560.0,45.46326,633.0,634.0
1309,559.0,615.0,30.80066,633.0,65.0
1310,560.0,615.0,35.32811,634.0,65.0
1311,561.0,565.0,21.97546,635.0,639.0
1312,561.0,666.0,36.53447,635.0,721.0
1313,562.0,577.0,40.1466,636.0,648.0
1314,562.0,600.0,28.11681,636.0,62.0
1315,562.0,616.0,34.72353,636.0,680.0
1316,562.0,666.0,33.89023,636.0,721.0
1317,563.0,591.0,44.67405,637.0,661.0
1318,563.0,612.0,45.767,637.0,678.0
1319,564.0,566.0,59.73833,638.0,640.0
1320,564.0,596.0,20.81663,638.0,60.0
1321,564.0,599.0,51.3481,638.0,61.0
1322,564.0,657.0,58.31957,638.0,71.0
1323,565.0,573.0,58.59407,639.0,644.0
1324,565.0,666.0,49.04036,639.0,721.0
1325,566.0,578.0,19.9404,640.0,649.0
1326,566.0,596.0,40.0766,640.0,60.0
1327,566.0,617.0,50.87466,640.0,681.0
1328,566.0,657.0,24.0551,640.0,71.0
1329,567.0,568.0,44.44728,56.0,641.0
1330,567.0,569.0,35.21961,56.0,57.0
1331,567.0,586.0,53.88318,56.0,59.0
1332,567.0,596.0,59.69334,56.0,60.0
1333,567.0,618.0,52.25332,56.0,682.0
1334,568.0,618.0,36.15312,641.0,682.0
1335,569.0,571.0,59.97089,57.0,58.0
1336,569.0,586.0,30.79044,57.0,59.0
1337,569.0,603.0,46.88969,57.0,669.0
1338,569.0,606.0,50.73347,57.0,672.0
1339,569.0,609.0,20.47984,57.0,675.0
1340,570.0,571.0,35.38653,642.0,58.0
1341,570.0,609.0,44.90949,642.0,675.0
1342,571.0,588.0,59.99378,58.0,658.0
1343,571.0,609.0,41.86476,58.0,675.0
1344,572.0,575.0,44.3476,643.0,646.0
1345,572.0,600.0,35.41855,643.0,62.0
1346,572.0,666.0,49.25058,643.0,721.0
1347,573.0,576.0,46.87009,644.0,647.0
1348,573.0,666.0,36.82035,644.0,721.0
1349,574.0,580.0,52.8925,645.0,651.0
1350,574.0,615.0,20.25917,645.0,65.0
1351,575.0,600.0,55.30224,646.0,62.0
1352,575.0,666.0,59.08407,646.0,721.0
1353,576.0,581.0,59.39709,647.0,652.0
1354,576.0,666.0,44.96402,647.0,721.0
1355,577.0,601.0,59.76397,648.0,63.0
1356,577.0,616.0,49.9328,648.0,680.0
1357,578.0,617.0,59.89195,649.0,681.0
1358,578.0,657.0,39.19151,649.0,71.0
1359,579.0,588.0,38.81808,650.0,658.0
1360,579.0,609.0,44.64317,650.0,675.0
1361,580.0,600.0,16.00346,651.0,62.0
1362,580.0,615.0,53.19472,651.0,65.0
1363,580.0,619.0,57.06333,651.0,66.0
1364,581.0,584.0,43.68928,652.0,655.0
1365,581.0,666.0,59.6532,652.0,721.0
1366,582.0,591.0,44.18665,653.0,661.0
1367,582.0,612.0,45.63174,653.0,678.0
1368,583.0,588.0,59.96244,654.0,658.0
1369,583.0,650.0,22.03981,654.0,70.0
1370,583.0,654.0,40.2547,654.0,713.0
1371,584.0,589.0,56.78876,655.0,659.0
1372,584.0,666.0,44.25636,655.0,721.0
1373,585.0,591.0,59.80532,656.0,661.0
1374,585.0,613.0,51.57009,656.0,64.0
1375,586.0,603.0,59.87536,59.0,669.0
1376,586.0,618.0,29.30903,59.0,682.0
1377,587.0,588.0,38.69198,657.0,658.0
1378,587.0,609.0,44.859,657.0,675.0
1379,587.0,654.0,41.11374,657.0,713.0
1380,588.0,609.0,20.39349,658.0,675.0
1381,588.0,645.0,22.71673,658.0,68.0
1382,588.0,650.0,53.07026,658.0,70.0
1383,588.0,654.0,34.66294,658.0,713.0
1384,589.0,666.0,38.25637,659.0,721.0
1385,590.0,597.0,33.15215,660.0,666.0
1386,590.0,612.0,55.3855,660.0,678.0
1387,591.0,592.0,59.8813,661.0,662.0
1388,591.0,593.0,43.77865,661.0,663.0
1389,591.0,594.0,26.91067,661.0,664.0
1390,591.0,595.0,43.16099,661.0,665.0
1391,591.0,598.0,27.1675,661.0,667.0
1392,591.0,599.0,30.80814,661.0,61.0
1393,591.0,612.0,39.5214,661.0,678.0
1394,591.0,613.0,40.8218,661.0,64.0
1395,592.0,612.0,25.56119,662.0,678.0
1396,592.0,613.0,51.66729,662.0,64.0
1397,593.0,594.0,59.85818,663.0,664.0
1398,593.0,598.0,59.78217,663.0,667.0
1399,593.0,613.0,32.12536,663.0,64.0
1400,594.0,595.0,59.49225,664.0,665.0
1401,594.0,613.0,59.24244,664.0,64.0
1402,595.0,599.0,47.38176,665.0,61.0
1403,595.0,602.0,54.17573,665.0,668.0
1404,595.0,613.0,32.06863,665.0,64.0
1405,596.0,617.0,21.45304,60.0,681.0
1406,596.0,618.0,31.95311,60.0,682.0
1407,596.0,627.0,44.70076,60.0,690.0
1408,596.0,633.0,32.28341,60.0,696.0
1409,596.0,647.0,44.52165,60.0,69.0
1410,597.0,612.0,29.80302,666.0,678.0
1411,598.0,613.0,59.5771,667.0,64.0
1412,599.0,602.0,29.76938,61.0,668.0
1413,599.0,605.0,36.27046,61.0,671.0
1414,599.0,657.0,33.53038,61.0,71.0
1415,599.0,677.0,37.70797,61.0,76.0
1416,599.0,688.0,33.52938,61.0,78.0
1417,600.0,615.0,52.28958,62.0,65.0
1418,600.0,621.0,28.99541,62.0,684.0
1419,600.0,665.0,39.26483,62.0,74.0
1420,600.0,666.0,24.32107,62.0,721.0
1421,601.0,612.0,59.91898,63.0,678.0
1422,601.0,616.0,22.44829,63.0,680.0
1423,602.0,605.0,59.99128,668.0,671.0
1424,602.0,613.0,35.19693,668.0,64.0
1425,603.0,606.0,52.36295,669.0,672.0
1426,603.0,618.0,32.52338,669.0,682.0
1427,603.0,636.0,42.156,669.0,699.0
1428,604.0,666.0,25.94567,670.0,721.0
1429,605.0,613.0,52.06327,671.0,64.0
1430,605.0,688.0,49.09326,671.0,78.0
1431,606.0,609.0,59.68527,672.0,675.0
1432,606.0,636.0,52.2806,672.0,699.0
1433,607.0,615.0,59.40816,673.0,65.0
1434,607.0,639.0,44.3776,673.0,702.0
1435,608.0,610.0,49.32412,674.0,676.0
1436,608.0,666.0,34.29229,674.0,721.0
1437,609.0,623.0,59.98213,675.0,686.0
1438,609.0,636.0,30.14016,675.0,699.0
1439,609.0,654.0,17.07144,675.0,713.0
1440,610.0,666.0,58.42273,676.0,721.0
1441,611.0,618.0,59.74654,677.0,682.0
1442,611.0,636.0,28.34624,677.0,699.0
1443,611.0,724.0,35.22294,677.0,82.0
1444,612.0,613.0,54.59497,678.0,64.0
1445,612.0,616.0,49.84128,678.0,680.0
1446,612.0,622.0,40.78289,678.0,685.0
1447,612.0,643.0,43.65429,678.0,705.0
1448,612.0,701.0,56.17422,678.0,80.0
1449,613.0,643.0,59.91131,64.0,705.0
1450,613.0,688.0,41.37665,64.0,78.0
1451,614.0,617.0,48.35879,679.0,681.0
1452,614.0,671.0,30.35676,679.0,725.0
1453,615.0,619.0,13.00895,65.0,66.0
1454,615.0,620.0,59.51491,65.0,683.0
1455,615.0,621.0,40.90692,65.0,684.0
1456,615.0,639.0,34.51688,65.0,702.0
1457,615.0,646.0,38.37418,65.0,707.0
1458,616.0,622.0,33.6944,680.0,685.0
1459,616.0,666.0,59.70943,680.0,721.0
1460,616.0,670.0,55.56561,680.0,75.0
1461,617.0,632.0,57.91008,681.0,695.0
1462,617.0,647.0,39.23644,681.0,69.0
1463,617.0,657.0,51.38655,681.0,71.0
1464,617.0,671.0,40.51138,681.0,725.0
1465,618.0,627.0,59.61104,682.0,690.0
1466,618.0,636.0,51.09806,682.0,699.0
1467,618.0,724.0,49.99759,682.0,82.0
1468,619.0,628.0,35.70306,66.0,691.0
1469,619.0,639.0,42.98894,66.0,702.0
1470,619.0,655.0,46.95846,66.0,714.0
1471,620.0,621.0,25.32057,683.0,684.0
1472,620.0,624.0,48.28363,683.0,687.0
1473,620.0,625.0,33.69502,683.0,688.0
1474,620.0,646.0,33.34338,683.0,707.0
1475,621.0,625.0,48.70289,684.0,688.0
1476,621.0,651.0,59.59024,684.0,710.0
1477,621.0,665.0,21.72556,684.0,74.0
1478,622.0,670.0,58.98909,685.0,75.0
1479,622.0,701.0,49.92562,685.0,80.0
1480,623.0,636.0,34.58186,686.0,699.0
1481,623.0,640.0,59.97702,686.0,67.0
1482,623.0,654.0,53.27371,686.0,713.0
1483,624.0,625.0,59.45543,687.0,688.0
1484,624.0,642.0,20.6452,687.0,704.0
1485,624.0,646.0,59.98786,687.0,707.0
1486,624.0,664.0,38.93177,687.0,73.0
1487,625.0,642.0,44.78462,688.0,704.0
1488,625.0,651.0,21.10798,688.0,710.0
1489,626.0,632.0,44.43311,689.0,695.0
1490,626.0,657.0,40.89187,689.0,71.0
1491,627.0,633.0,59.5835,690.0,696.0
1492,627.0,724.0,37.10053,690.0,82.0
1493,628.0,639.0,36.42517,691.0,702.0
1494,628.0,655.0,51.12423,691.0,714.0
1495,629.0,630.0,31.83334,692.0,693.0
1496,629.0,634.0,50.02489,692.0,697.0
1497,629.0,646.0,58.05851,692.0,707.0
1498,629.0,664.0,48.197,692.0,73.0
1499,630.0,634.0,45.88242,693.0,697.0
1500,630.0,635.0,36.28375,693.0,698.0
1501,630.0,646.0,36.41753,693.0,707.0
1502,630.0,664.0,36.89536,693.0,73.0
1503,631.0,643.0,44.18973,694.0,705.0
1504,631.0,755.0,30.28004,694.0,87.0
1505,632.0,657.0,35.93879,695.0,71.0
1506,632.0,671.0,23.88126,695.0,725.0
1507,633.0,647.0,59.31729,696.0,69.0
1508,633.0,724.0,50.09789,696.0,82.0
1509,634.0,635.0,53.53103,697.0,698.0
1510,634.0,637.0,21.17434,697.0,700.0
1511,634.0,664.0,57.37479,697.0,73.0
1512,635.0,637.0,50.47957,698.0,700.0
1513,635.0,638.0,40.57894,698.0,701.0
1514,635.0,664.0,45.01521,698.0,73.0
1515,636.0,640.0,30.22896,699.0,67.0
1516,636.0,652.0,59.64523,699.0,711.0
1517,636.0,679.0,23.62738,699.0,77.0
1518,636.0,724.0,55.51085,699.0,82.0
1519,637.0,664.0,55.06237,700.0,73.0
1520,638.0,664.0,45.144,701.0,73.0
1521,639.0,646.0,59.97254,702.0,707.0
1522,639.0,655.0,34.97461,702.0,714.0
1523,640.0,641.0,40.35867,67.0,703.0
1524,640.0,653.0,17.18417,67.0,712.0
1525,640.0,654.0,17.41961,67.0,713.0
1526,640.0,679.0,52.67182,67.0,77.0
1527,641.0,653.0,44.11581,703.0,712.0
1528,642.0,651.0,59.95764,704.0,710.0
1529,642.0,664.0,35.46934,704.0,73.0
1530,642.0,684.0,16.77828,704.0,736.0
1531,643.0,688.0,31.09031,705.0,78.0
1532,643.0,693.0,46.3063,705.0,743.0
1533,643.0,701.0,59.47473,705.0,80.0
1534,643.0,755.0,31.15094,705.0,87.0
1535,644.0,647.0,52.58166,706.0,69.0
1536,644.0,724.0,52.62892,706.0,82.0
1537,644.0,732.0,30.36061,706.0,84.0
1538,645.0,650.0,59.70144,68.0,70.0
1539,645.0,658.0,59.56777,68.0,72.0
1540,646.0,655.0,49.09405,707.0,714.0
1541,646.0,664.0,59.94563,707.0,73.0
1542,647.0,671.0,44.766,69.0,725.0
1543,647.0,724.0,36.7298,69.0,82.0
1544,647.0,732.0,50.14622,69.0,84.0
1545,648.0,650.0,59.88736,708.0,70.0
1546,648.0,658.0,59.37379,708.0,72.0
1547,649.0,654.0,39.09543,709.0,713.0
1548,649.0,679.0,59.11553,709.0,77.0
1549,650.0,654.0,54.17962,70.0,713.0
1550,650.0,658.0,39.30382,70.0,72.0
1551,650.0,676.0,60.4868,70.0,730.0
1552,650.0,679.0,22.61507,70.0,77.0
1553,651.0,659.0,59.6429,710.0,716.0
1554,651.0,661.0,17.58844,710.0,718.0
1555,651.0,665.0,59.20981,710.0,74.0
1556,651.0,669.0,38.70362,710.0,724.0
1557,651.0,684.0,54.3213,710.0,736.0
1558,652.0,679.0,51.61193,711.0,77.0
1559,652.0,724.0,28.18646,711.0,82.0
1560,653.0,679.0,60.01682,712.0,77.0
1561,654.0,679.0,59.88807,713.0,77.0
1562,655.0,664.0,21.46902,714.0,73.0
1563,655.0,704.0,59.89542,714.0,81.0
1564,656.0,660.0,47.49392,715.0,717.0
1565,656.0,665.0,28.26895,715.0,74.0
1566,656.0,669.0,55.87762,715.0,724.0
1567,657.0,671.0,34.9865,71.0,725.0
1568,657.0,677.0,59.89387,71.0,76.0
1569,658.0,663.0,59.97461,72.0,720.0
1570,658.0,676.0,24.9481,72.0,730.0
1571,659.0,661.0,42.12701,716.0,718.0
1572,659.0,669.0,49.02709,716.0,724.0
1573,659.0,729.0,40.72623,716.0,83.0
1574,660.0,669.0,44.14972,717.0,724.0
1575,661.0,684.0,59.63555,718.0,736.0
1576,661.0,729.0,33.77792,718.0,83.0
1577,662.0,663.0,44.71189,719.0,720.0
1578,662.0,676.0,44.96192,719.0,730.0
1579,663.0,667.0,44.66923,720.0,722.0
1580,663.0,676.0,50.57461,720.0,730.0
1581,664.0,668.0,30.51047,73.0,723.0
1582,664.0,684.0,46.44343,73.0,736.0
1583,664.0,704.0,60.65329,73.0,81.0
1584,665.0,666.0,59.55351,74.0,721.0
1585,665.0,669.0,54.45644,74.0,724.0
1586,665.0,674.0,46.91384,74.0,728.0
1587,665.0,682.0,45.18607,74.0,734.0
1588,666.0,670.0,44.9324,721.0,75.0
1589,666.0,682.0,52.16754,721.0,734.0
1590,667.0,676.0,45.08111,722.0,730.0
1591,668.0,684.0,54.94632,723.0,736.0
1592,668.0,704.0,36.81825,723.0,81.0
1593,669.0,673.0,28.64506,724.0,727.0
1594,669.0,674.0,59.9493,724.0,728.0
1595,669.0,729.0,50.41699,724.0,83.0
1596,670.0,682.0,32.19418,75.0,734.0
1597,670.0,701.0,54.18375,75.0,80.0
1598,671.0,675.0,59.88316,725.0,729.0
1599,671.0,677.0,36.81127,725.0,76.0
1600,671.0,695.0,26.85474,725.0,745.0
1601,671.0,696.0,44.66387,725.0,746.0
1602,671.0,732.0,27.02762,725.0,84.0
1603,672.0,675.0,37.42475,726.0,729.0
1604,672.0,732.0,43.74492,726.0,84.0
1605,673.0,729.0,44.81225,727.0,83.0
1606,674.0,682.0,39.52628,728.0,734.0
1607,674.0,729.0,58.18561,728.0,83.0
1608,675.0,696.0,34.94296,729.0,746.0
1609,675.0,732.0,41.98855,729.0,84.0
1610,676.0,679.0,41.94991,730.0,77.0
1611,676.0,819.0,59.02404,730.0,93.0
1612,677.0,688.0,59.77493,76.0,78.0
1613,677.0,695.0,51.33326,76.0,745.0
1614,678.0,679.0,48.30902,731.0,77.0
1615,678.0,691.0,16.67799,731.0,79.0
1616,678.0,724.0,57.32901,731.0,82.0
1617,679.0,685.0,59.06312,77.0,737.0
1618,679.0,691.0,59.00207,77.0,79.0
1619,679.0,724.0,58.39703,77.0,82.0
1620,679.0,819.0,25.36401,77.0,93.0
1621,680.0,682.0,49.06399,732.0,734.0
1622,680.0,729.0,44.67189,732.0,83.0
1623,681.0,701.0,53.58631,733.0,80.0
1624,682.0,700.0,15.96064,734.0,750.0
1625,682.0,701.0,58.92441,734.0,80.0
1626,682.0,729.0,54.45328,734.0,83.0
1627,683.0,701.0,53.54382,735.0,80.0
1628,684.0,704.0,47.89704,736.0,81.0
1629,684.0,729.0,34.47325,736.0,83.0
1630,685.0,691.0,46.11967,737.0,79.0
1631,685.0,706.0,41.87839,737.0,754.0
1632,685.0,804.0,45.96063,737.0,91.0
1633,685.0,819.0,40.99025,737.0,93.0
1634,686.0,704.0,31.72195,738.0,81.0
1635,686.0,729.0,22.11005,738.0,83.0
1636,687.0,689.0,32.53398,739.0,740.0
1637,687.0,704.0,45.17893,739.0,81.0
1638,688.0,693.0,59.94882,78.0,743.0
1639,688.0,695.0,27.41984,78.0,745.0
1640,689.0,690.0,42.66242,740.0,741.0
1641,689.0,704.0,36.98194,740.0,81.0
1642,689.0,766.0,45.89166,740.0,89.0
1643,690.0,704.0,34.45549,741.0,81.0
1644,690.0,766.0,48.1479,741.0,89.0
1645,691.0,697.0,59.42434,79.0,747.0
1646,691.0,706.0,47.63123,79.0,754.0
1647,691.0,724.0,56.82097,79.0,82.0
1648,692.0,729.0,44.45256,742.0,83.0
1649,693.0,695.0,51.60442,743.0,745.0
1650,693.0,737.0,15.31414,743.0,782.0
1651,693.0,755.0,59.87851,743.0,87.0
1652,694.0,701.0,57.47268,744.0,80.0
1653,694.0,721.0,30.26176,744.0,769.0
1654,694.0,799.0,45.07637,744.0,838.0
1655,695.0,696.0,59.47111,745.0,746.0
1656,695.0,727.0,47.3154,745.0,774.0
1657,695.0,737.0,48.40309,745.0,782.0
1658,696.0,727.0,31.95059,746.0,774.0
1659,696.0,732.0,45.22977,746.0,84.0
1660,697.0,706.0,28.12195,747.0,754.0
1661,697.0,724.0,52.81747,747.0,82.0
1662,698.0,700.0,60.90096,748.0,750.0
1663,698.0,702.0,28.70463,748.0,751.0
1664,698.0,709.0,47.24363,748.0,757.0
1665,698.0,729.0,45.63947,748.0,83.0
1666,698.0,865.0,33.94872,748.0,101.0
1667,699.0,865.0,34.60482,749.0,101.0
1668,700.0,701.0,59.12379,750.0,80.0
1669,700.0,702.0,59.73794,750.0,751.0
1670,700.0,729.0,58.27511,750.0,83.0
1671,700.0,789.0,43.64709,750.0,829.0
1672,701.0,705.0,42.45108,80.0,753.0
1673,701.0,721.0,48.41229,80.0,769.0
1674,701.0,747.0,22.67399,80.0,86.0
1675,701.0,755.0,41.85787,80.0,87.0
1676,701.0,789.0,48.57565,80.0,829.0
1677,701.0,799.0,46.84059,80.0,838.0
1678,702.0,789.0,53.49553,751.0,829.0
1679,702.0,865.0,39.05488,751.0,101.0
1680,703.0,865.0,55.25048,752.0,101.0
1681,704.0,729.0,53.75757,81.0,83.0
1682,704.0,766.0,59.86917,81.0,89.0
1683,705.0,721.0,48.29762,753.0,769.0
1684,705.0,789.0,59.91831,753.0,829.0
1685,706.0,724.0,39.31954,754.0,82.0
1686,706.0,804.0,55.00327,754.0,91.0
1687,707.0,747.0,51.2278,755.0,86.0
1688,707.0,755.0,53.21459,755.0,87.0
1689,708.0,732.0,59.59815,756.0,84.0
1690,709.0,729.0,59.942,757.0,83.0
1691,709.0,816.0,37.66132,757.0,853.0
1692,709.0,865.0,44.50189,757.0,101.0
1693,710.0,711.0,40.13291,758.0,759.0
1694,710.0,724.0,39.56452,758.0,82.0
1695,710.0,804.0,59.22513,758.0,91.0
1696,711.0,724.0,38.8946,759.0,82.0
1697,711.0,804.0,55.35275,759.0,91.0
1698,712.0,732.0,36.00296,760.0,84.0
1699,712.0,739.0,39.68496,760.0,784.0
1700,713.0,715.0,47.76836,761.0,763.0
1701,713.0,816.0,42.60097,761.0,853.0
1702,713.0,865.0,32.4352,761.0,101.0
1703,714.0,804.0,59.63887,762.0,91.0
1704,715.0,716.0,39.25375,763.0,764.0
1705,715.0,816.0,40.72962,763.0,853.0
1706,715.0,865.0,31.04962,763.0,101.0
1707,716.0,717.0,48.00366,764.0,765.0
1708,716.0,816.0,47.91719,764.0,853.0
1709,717.0,816.0,29.74868,765.0,853.0
1710,718.0,739.0,56.25079,766.0,784.0
1711,718.0,795.0,44.60905,766.0,834.0
1712,719.0,804.0,44.37714,767.0,91.0
1713,719.0,819.0,33.85599,767.0,93.0
1714,720.0,725.0,35.05657,768.0,772.0
1715,720.0,816.0,33.38301,768.0,853.0
1716,721.0,789.0,46.08182,769.0,829.0
1717,721.0,799.0,59.64766,769.0,838.0
1718,722.0,727.0,44.22701,770.0,774.0
1719,722.0,737.0,44.97533,770.0,782.0
1720,722.0,756.0,50.95113,770.0,798.0
1721,723.0,727.0,59.98511,771.0,774.0
1722,723.0,732.0,19.37493,771.0,84.0
1723,723.0,745.0,40.89534,771.0,85.0
1724,724.0,732.0,59.10607,82.0,84.0
1725,724.0,804.0,41.89525,82.0,91.0
1726,725.0,730.0,50.52444,772.0,776.0
1727,725.0,816.0,47.11467,772.0,853.0
1728,726.0,747.0,29.45323,773.0,86.0
1729,726.0,790.0,32.44211,773.0,90.0
1730,726.0,799.0,59.5093,773.0,838.0
1731,727.0,732.0,42.16959,774.0,84.0
1732,727.0,737.0,55.36651,774.0,782.0
1733,727.0,745.0,22.66713,774.0,85.0
1734,727.0,756.0,39.2428,774.0,798.0
1735,727.0,785.0,56.08251,774.0,825.0
1736,728.0,752.0,56.67071,775.0,795.0
1737,729.0,752.0,59.97466,83.0,795.0
1738,729.0,766.0,19.14291,83.0,89.0
1739,729.0,816.0,42.23418,83.0,853.0
1740,729.0,865.0,38.68067,83.0,101.0
1741,730.0,816.0,43.91012,776.0,853.0
1742,731.0,737.0,59.87729,777.0,782.0
1743,731.0,756.0,30.0929,777.0,798.0
1744,732.0,739.0,59.5062,84.0,784.0
1745,732.0,745.0,58.48045,84.0,85.0
1746,732.0,795.0,40.44504,84.0,834.0
1747,732.0,804.0,33.27989,84.0,91.0
1748,733.0,804.0,59.85357,778.0,91.0
1749,734.0,739.0,36.3463,779.0,784.0
1750,734.0,795.0,47.36774,779.0,834.0
1751,735.0,752.0,57.18116,780.0,795.0
1752,735.0,763.0,36.66646,780.0,88.0
1753,736.0,737.0,40.5734,781.0,782.0
1754,736.0,755.0,23.05965,781.0,87.0
1755,736.0,772.0,59.95572,781.0,812.0
1756,736.0,801.0,38.58001,781.0,840.0
1757,737.0,738.0,59.938,782.0,783.0
1758,737.0,755.0,54.99452,782.0,87.0
1759,737.0,756.0,49.37273,782.0,798.0
1760,737.0,772.0,31.68849,782.0,812.0
1761,738.0,756.0,30.5454,783.0,798.0
1762,738.0,769.0,48.78213,783.0,809.0
1763,738.0,772.0,36.57444,783.0,812.0
1764,739.0,788.0,33.95293,784.0,828.0
1765,739.0,795.0,34.53885,784.0,834.0
1766,739.0,804.0,48.0023,784.0,91.0
1767,740.0,804.0,59.8341,785.0,91.0
1768,741.0,742.0,49.37589,786.0,787.0
1769,741.0,744.0,39.88263,786.0,789.0
1770,741.0,766.0,45.17712,786.0,89.0
1771,742.0,744.0,33.58022,787.0,789.0
1772,742.0,766.0,59.74161,787.0,89.0
1773,743.0,795.0,49.26557,788.0,834.0
1774,744.0,766.0,31.65626,789.0,89.0
1775,745.0,748.0,59.61015,85.0,791.0
1776,745.0,785.0,40.68599,85.0,825.0
1777,745.0,795.0,32.07557,85.0,834.0
1778,746.0,749.0,49.10028,790.0,792.0
1779,746.0,750.0,37.18732,790.0,793.0
1780,746.0,763.0,59.78947,790.0,88.0
1781,747.0,755.0,60.0031,86.0,87.0
1782,747.0,764.0,29.55561,86.0,805.0
1783,747.0,790.0,59.90509,86.0,90.0
1784,747.0,799.0,48.56315,86.0,838.0
1785,748.0,785.0,32.47962,791.0,825.0
1786,748.0,795.0,44.83156,791.0,834.0
1787,749.0,750.0,31.16423,792.0,793.0
1788,749.0,754.0,58.86102,792.0,797.0
1789,749.0,763.0,32.94839,792.0,88.0
1790,749.0,767.0,55.28955,792.0,807.0
1791,750.0,751.0,17.97578,793.0,794.0
1792,750.0,754.0,49.40787,793.0,797.0
1793,750.0,763.0,44.34775,793.0,88.0
1794,751.0,754.0,50.26396,794.0,797.0
1795,751.0,763.0,36.26871,794.0,88.0
1796,752.0,763.0,59.90034,795.0,88.0
1797,752.0,766.0,53.8857,795.0,89.0
1798,752.0,865.0,44.57845,795.0,101.0
1799,753.0,762.0,59.98049,796.0,804.0
1800,754.0,763.0,48.70705,797.0,88.0
1801,754.0,767.0,30.24674,797.0,807.0
1802,755.0,760.0,59.58378,87.0,802.0
1803,755.0,764.0,33.20878,87.0,805.0
1804,755.0,801.0,43.53312,87.0,840.0
1805,755.0,809.0,51.31686,87.0,92.0
1806,756.0,769.0,59.91602,798.0,809.0
1807,756.0,785.0,59.71473,798.0,825.0
1808,757.0,758.0,59.74408,799.0,800.0
1809,757.0,766.0,59.57765,799.0,89.0
1810,757.0,776.0,38.21983,799.0,816.0
1811,757.0,779.0,56.97956,799.0,819.0
1812,758.0,776.0,59.76253,800.0,816.0
1813,758.0,779.0,18.90811,800.0,819.0
1814,759.0,762.0,36.67322,801.0,804.0
1815,759.0,763.0,34.90027,801.0,88.0
1816,759.0,767.0,36.65789,801.0,807.0
1817,759.0,797.0,34.83575,801.0,836.0
1818,760.0,761.0,59.37609,802.0,803.0
1819,760.0,764.0,46.33156,802.0,805.0
1820,760.0,782.0,50.13097,802.0,822.0
1821,760.0,809.0,52.46224,802.0,92.0
1822,761.0,809.0,51.85345,803.0,92.0
1823,762.0,763.0,59.88049,804.0,88.0
1824,762.0,766.0,54.11581,804.0,89.0
1825,762.0,797.0,59.91287,804.0,836.0
1826,763.0,766.0,19.15432,88.0,89.0
1827,763.0,767.0,59.96465,88.0,807.0
1828,763.0,768.0,45.21424,88.0,808.0
1829,763.0,865.0,38.54945,88.0,101.0
1830,764.0,782.0,59.81621,805.0,822.0
1831,764.0,790.0,46.57253,805.0,90.0
1832,765.0,804.0,59.62408,806.0,91.0
1833,766.0,776.0,59.92249,89.0,816.0
1834,766.0,797.0,19.08082,89.0,836.0
1835,766.0,810.0,45.86292,89.0,847.0
1836,767.0,768.0,35.49653,807.0,808.0
1837,767.0,797.0,59.99709,807.0,836.0
1838,767.0,805.0,28.97448,807.0,843.0
1839,768.0,805.0,59.71079,808.0,843.0
1840,768.0,821.0,38.4402,808.0,94.0
1841,768.0,865.0,35.99323,808.0,101.0
1842,769.0,772.0,52.28878,809.0,812.0
1843,769.0,784.0,59.68452,809.0,824.0
1844,769.0,785.0,38.34572,809.0,825.0
1845,769.0,803.0,52.67093,809.0,842.0
1846,770.0,780.0,35.01515,810.0,820.0
1847,770.0,797.0,57.54566,810.0,836.0
1848,770.0,810.0,41.8655,810.0,847.0
1849,771.0,809.0,60.35108,811.0,92.0
1850,772.0,794.0,36.52818,812.0,833.0
1851,772.0,801.0,34.64308,812.0,840.0
1852,772.0,803.0,53.22662,812.0,842.0
1853,773.0,788.0,50.71937,813.0,828.0
1854,773.0,795.0,16.06201,813.0,834.0
1855,774.0,775.0,35.953,814.0,815.0
1856,774.0,845.0,37.59792,814.0,878.0
1857,775.0,845.0,59.81111,815.0,878.0
1858,776.0,779.0,54.11613,816.0,819.0
1859,776.0,810.0,43.36718,816.0,847.0
1860,776.0,845.0,38.02299,816.0,878.0
1861,776.0,847.0,36.38392,816.0,880.0
1862,777.0,786.0,15.33159,817.0,826.0
1863,777.0,795.0,43.97395,817.0,834.0
1864,777.0,802.0,59.50253,817.0,841.0
1865,778.0,795.0,44.1737,818.0,834.0
1866,778.0,802.0,59.85102,818.0,841.0
1867,779.0,845.0,57.04634,819.0,878.0
1868,780.0,797.0,59.828,820.0,836.0
1869,780.0,810.0,36.28766,820.0,847.0
1870,781.0,821.0,29.54836,821.0,94.0
1871,782.0,790.0,45.65253,822.0,90.0
1872,782.0,809.0,53.54548,822.0,92.0
1873,782.0,828.0,27.89304,822.0,863.0
1874,783.0,809.0,55.96045,823.0,92.0
1875,784.0,785.0,59.98019,824.0,825.0
1876,784.0,803.0,18.32004,824.0,842.0
1877,784.0,854.0,32.11482,824.0,98.0
1878,785.0,786.0,57.60179,825.0,826.0
1879,785.0,795.0,37.71476,825.0,834.0
1880,785.0,802.0,35.50307,825.0,841.0
1881,785.0,854.0,49.15106,825.0,98.0
1882,786.0,795.0,54.42026,826.0,834.0
1883,786.0,802.0,50.54739,826.0,841.0
1884,787.0,809.0,56.03473,827.0,92.0
1885,788.0,795.0,38.56258,828.0,834.0
1886,788.0,796.0,46.03693,828.0,835.0
1887,788.0,804.0,59.82891,828.0,91.0
1888,789.0,799.0,36.80352,829.0,838.0
1889,789.0,865.0,59.51326,829.0,101.0
1890,790.0,799.0,48.99196,90.0,838.0
1891,790.0,800.0,32.85739,90.0,839.0
1892,790.0,808.0,30.89537,90.0,846.0
1893,790.0,828.0,36.90471,90.0,863.0
1894,791.0,797.0,53.04925,830.0,836.0
1895,791.0,805.0,30.95965,830.0,843.0
1896,792.0,821.0,37.75792,831.0,94.0
1897,793.0,799.0,37.03521,832.0,838.0
1898,793.0,865.0,59.92294,832.0,101.0
1899,794.0,801.0,53.16895,833.0,840.0
1900,794.0,803.0,59.54127,833.0,842.0
1901,794.0,873.0,38.70803,833.0,900.0
1902,795.0,796.0,49.38804,834.0,835.0
1903,795.0,802.0,41.93776,834.0,841.0
1904,795.0,854.0,44.12177,834.0,98.0
1905,795.0,869.0,20.83451,834.0,102.0
1906,796.0,804.0,46.47461,835.0,91.0
1907,796.0,869.0,59.45522,835.0,102.0
1908,797.0,798.0,22.1249,836.0,837.0
1909,797.0,805.0,45.16975,836.0,843.0
1910,797.0,810.0,45.98227,836.0,847.0
1911,798.0,805.0,44.6313,837.0,843.0
1912,799.0,800.0,59.85949,838.0,839.0
1913,799.0,817.0,37.20669,838.0,854.0
1914,799.0,865.0,25.7448,838.0,101.0
1915,800.0,808.0,54.31065,839.0,846.0
1916,800.0,817.0,47.43483,839.0,854.0
1917,801.0,809.0,52.15259,840.0,92.0
1918,801.0,873.0,34.07645,840.0,900.0
1919,801.0,892.0,50.71047,840.0,918.0
1920,802.0,854.0,59.99363,841.0,98.0
1921,803.0,854.0,27.64246,842.0,98.0
1922,803.0,873.0,56.83373,842.0,900.0
1923,804.0,819.0,56.05951,91.0,93.0
1924,804.0,869.0,39.53991,91.0,102.0
1925,805.0,810.0,19.41878,843.0,847.0
1926,805.0,821.0,59.40908,843.0,94.0
1927,806.0,821.0,50.58384,844.0,94.0
1928,807.0,865.0,59.15754,845.0,101.0
1929,808.0,817.0,59.7941,846.0,854.0
1930,808.0,828.0,55.11788,846.0,863.0
1931,809.0,813.0,50.43064,92.0,850.0
1932,809.0,820.0,32.88087,92.0,856.0
1933,809.0,825.0,44.47717,92.0,860.0
1934,809.0,828.0,44.49357,92.0,863.0
1935,809.0,830.0,50.20226,92.0,865.0
1936,809.0,831.0,50.0543,92.0,866.0
1937,809.0,837.0,44.38879,92.0,96.0
1938,809.0,892.0,26.83008,92.0,918.0
1939,810.0,821.0,41.87099,847.0,94.0
1940,810.0,847.0,38.90515,847.0,880.0
1941,810.0,863.0,59.94635,847.0,100.0
1942,811.0,863.0,33.18499,848.0,100.0
1943,812.0,820.0,53.33886,849.0,856.0
1944,812.0,825.0,37.04429,849.0,860.0
1945,812.0,862.0,56.35969,849.0,99.0
1946,813.0,820.0,27.11578,850.0,856.0
1947,813.0,892.0,56.05899,850.0,918.0
1948,814.0,865.0,58.91543,851.0,101.0
1949,815.0,821.0,58.21139,852.0,94.0
1950,816.0,865.0,59.69888,853.0,101.0
1951,817.0,828.0,40.77341,854.0,863.0
1952,817.0,865.0,59.13149,854.0,101.0
1953,818.0,865.0,59.48959,855.0,101.0
1954,819.0,826.0,48.27511,93.0,861.0
1955,819.0,829.0,56.65248,93.0,864.0
1956,819.0,832.0,58.18111,93.0,95.0
1957,819.0,869.0,47.68474,93.0,102.0
1958,820.0,825.0,51.11392,856.0,860.0
1959,820.0,862.0,59.45169,856.0,99.0
1960,820.0,892.0,50.12134,856.0,918.0
1961,821.0,827.0,59.57131,94.0,862.0
1962,821.0,863.0,48.87493,94.0,100.0
1963,821.0,865.0,37.65329,94.0,101.0
1964,822.0,865.0,59.05209,857.0,101.0
1965,823.0,828.0,40.44914,858.0,863.0
1966,823.0,865.0,58.97206,858.0,101.0
1967,824.0,834.0,33.40165,859.0,868.0
1968,824.0,845.0,59.92885,859.0,878.0
1969,825.0,831.0,59.7971,860.0,866.0
1970,825.0,862.0,24.60868,860.0,99.0
1971,826.0,829.0,32.29255,861.0,864.0
1972,826.0,832.0,42.80193,861.0,95.0
1973,826.0,948.0,29.38098,861.0,108.0
1974,827.0,842.0,19.9426,862.0,875.0
1975,827.0,849.0,55.75024,862.0,97.0
1976,827.0,863.0,52.64993,862.0,100.0
1977,827.0,865.0,57.4434,862.0,101.0
1978,828.0,830.0,59.83447,863.0,865.0
1979,828.0,865.0,51.97872,863.0,101.0
1980,828.0,872.0,37.77458,863.0,899.0
1981,829.0,869.0,15.74376,864.0,102.0
1982,829.0,882.0,52.62952,864.0,909.0
1983,829.0,948.0,36.71136,864.0,108.0
1984,830.0,837.0,59.8386,865.0,96.0
1985,830.0,872.0,45.02592,865.0,899.0
1986,831.0,837.0,59.58583,866.0,96.0
1987,831.0,862.0,38.28698,866.0,99.0
1988,832.0,835.0,33.78862,95.0,869.0
1989,832.0,887.0,54.54994,95.0,103.0
1990,832.0,948.0,48.58391,95.0,108.0
1991,833.0,849.0,55.73745,867.0,97.0
1992,834.0,844.0,59.7127,868.0,877.0
1993,834.0,845.0,41.52241,868.0,878.0
1994,835.0,887.0,59.52972,869.0,103.0
1995,835.0,948.0,43.89682,869.0,108.0
1996,836.0,838.0,42.10993,870.0,871.0
1997,836.0,839.0,59.41001,870.0,872.0
1998,836.0,848.0,42.34771,870.0,881.0
1999,836.0,849.0,53.62115,870.0,97.0
2000,836.0,865.0,22.86547,870.0,101.0
2001,836.0,883.0,41.8595,870.0,910.0
2002,837.0,862.0,24.39243,96.0,99.0
2003,837.0,872.0,37.49215,96.0,899.0
2004,837.0,874.0,48.37377,96.0,901.0
2005,837.0,875.0,51.0308,96.0,902.0
2006,838.0,849.0,45.88694,871.0,97.0
2007,838.0,853.0,43.21174,871.0,885.0
2008,838.0,883.0,37.72713,871.0,910.0
2009,839.0,848.0,46.04126,872.0,881.0
2010,839.0,883.0,49.59212,872.0,910.0
2011,840.0,844.0,59.97387,873.0,877.0
2012,841.0,844.0,44.33284,874.0,877.0
2013,841.0,845.0,37.52877,874.0,878.0
2014,841.0,907.0,59.69299,874.0,932.0
2015,842.0,849.0,52.90656,875.0,97.0
2016,842.0,863.0,34.97641,875.0,100.0
2017,842.0,978.0,59.18886,875.0,113.0
2018,843.0,848.0,36.13712,876.0,881.0
2019,843.0,860.0,43.8976,876.0,891.0
2020,843.0,871.0,59.78308,876.0,898.0
2021,844.0,845.0,33.03036,877.0,878.0
2022,844.0,893.0,55.31434,877.0,919.0
2023,844.0,907.0,45.23216,877.0,932.0
2024,845.0,847.0,59.71148,878.0,880.0
2025,845.0,907.0,35.54239,878.0,932.0
2026,846.0,978.0,48.73675,879.0,113.0
2027,847.0,863.0,59.90983,880.0,100.0
2028,847.0,907.0,30.53945,880.0,932.0
2029,848.0,860.0,35.38478,881.0,891.0
2030,848.0,865.0,33.47962,881.0,101.0
2031,848.0,871.0,26.3052,881.0,898.0
2032,848.0,883.0,42.54472,881.0,910.0
2033,848.0,942.0,36.26635,881.0,106.0
2034,849.0,852.0,33.56032,97.0,884.0
2035,849.0,853.0,55.55833,97.0,885.0
2036,849.0,865.0,39.50444,97.0,101.0
2037,849.0,978.0,45.70854,97.0,113.0
2038,850.0,854.0,51.98592,882.0,98.0
2039,850.0,873.0,16.39923,882.0,900.0
2040,850.0,878.0,59.60532,882.0,905.0
2041,851.0,869.0,39.85636,883.0,102.0
2042,851.0,882.0,44.68528,883.0,909.0
2043,852.0,855.0,59.50384,884.0,886.0
2044,852.0,978.0,40.23091,884.0,113.0
2045,853.0,859.0,59.93667,885.0,890.0
2046,853.0,883.0,40.79503,885.0,910.0
2047,853.0,978.0,27.32804,885.0,113.0
2048,854.0,869.0,59.77971,98.0,102.0
2049,854.0,873.0,45.25109,98.0,900.0
2050,854.0,878.0,42.8586,98.0,905.0
2051,855.0,978.0,44.75039,886.0,113.0
2052,856.0,869.0,48.15474,887.0,102.0
2053,856.0,882.0,59.45548,887.0,909.0
2054,856.0,976.0,43.75051,887.0,112.0
2055,857.0,858.0,35.64482,888.0,889.0
2056,857.0,864.0,42.53916,888.0,893.0
2057,857.0,978.0,59.58664,888.0,113.0
2058,858.0,864.0,32.94878,889.0,893.0
2059,858.0,978.0,31.06405,889.0,113.0
2060,859.0,868.0,42.84218,890.0,896.0
2061,859.0,883.0,43.78475,890.0,910.0
2062,859.0,978.0,45.51773,890.0,113.0
2063,860.0,865.0,59.28916,891.0,101.0
2064,860.0,871.0,50.21619,891.0,898.0
2065,860.0,876.0,51.26256,891.0,903.0
2066,861.0,862.0,32.84259,892.0,99.0
2067,861.0,875.0,48.33219,892.0,902.0
2068,861.0,877.0,44.59121,892.0,904.0
2069,862.0,875.0,59.48908,99.0,902.0
2070,862.0,877.0,39.45023,99.0,904.0
2071,862.0,892.0,58.61939,99.0,918.0
2072,863.0,867.0,35.00195,100.0,895.0
2073,863.0,907.0,35.39111,100.0,932.0
2074,863.0,978.0,46.92288,100.0,113.0
2075,863.0,996.0,31.19855,100.0,118.0
2076,864.0,978.0,33.86728,893.0,113.0
2077,865.0,872.0,22.2205,101.0,899.0
2078,865.0,876.0,16.63487,101.0,903.0
2079,865.0,884.0,27.25226,101.0,911.0
2080,866.0,882.0,44.97369,894.0,909.0
2081,866.0,948.0,27.55207,894.0,108.0
2082,867.0,907.0,59.00053,895.0,932.0
2083,867.0,996.0,44.57285,895.0,118.0
2084,868.0,883.0,51.35387,896.0,910.0
2085,868.0,978.0,59.65993,896.0,113.0
2086,869.0,878.0,39.90325,102.0,905.0
2087,869.0,882.0,58.61457,102.0,909.0
2088,869.0,976.0,22.10171,102.0,112.0
2089,870.0,883.0,50.64526,897.0,910.0
2090,870.0,978.0,59.59429,897.0,113.0
2091,871.0,876.0,52.81511,898.0,903.0
2092,871.0,942.0,59.99837,898.0,106.0
2093,872.0,874.0,59.87432,899.0,901.0
2094,872.0,884.0,39.01604,899.0,911.0
2095,872.0,931.0,59.59376,899.0,105.0
2096,873.0,878.0,54.499,900.0,905.0
2097,873.0,892.0,56.24615,900.0,918.0
2098,874.0,875.0,42.94589,901.0,902.0
2099,874.0,881.0,43.11511,901.0,908.0
2100,874.0,891.0,51.96317,901.0,917.0
2101,874.0,903.0,39.27733,901.0,104.0
2102,874.0,931.0,40.24144,901.0,105.0
2103,875.0,877.0,59.63523,902.0,904.0
2104,875.0,903.0,47.85588,902.0,104.0
2105,876.0,884.0,33.42715,903.0,911.0
2106,876.0,942.0,18.92317,903.0,106.0
2107,877.0,892.0,36.66112,904.0,918.0
2108,877.0,903.0,42.5674,904.0,104.0
2109,878.0,892.0,37.10775,905.0,918.0
2110,878.0,945.0,59.51984,905.0,107.0
2111,878.0,976.0,44.49158,905.0,112.0
2112,879.0,887.0,53.03442,906.0,103.0
2113,879.0,948.0,52.75306,906.0,108.0
2114,880.0,942.0,59.20707,907.0,106.0
2115,881.0,891.0,17.62973,908.0,917.0
2116,881.0,903.0,47.76386,908.0,104.0
2117,882.0,948.0,38.9499,909.0,108.0
2118,882.0,976.0,45.48416,909.0,112.0
2119,883.0,885.0,53.74649,910.0,912.0
2120,883.0,942.0,59.96372,910.0,106.0
2121,883.0,952.0,39.19526,910.0,109.0
2122,883.0,978.0,17.86719,910.0,113.0
2123,884.0,931.0,59.93197,911.0,105.0
2124,884.0,942.0,50.19878,911.0,106.0
2125,885.0,952.0,15.61518,912.0,109.0
2126,885.0,978.0,59.93549,912.0,113.0
2127,886.0,887.0,53.59265,913.0,103.0
2128,886.0,948.0,46.72851,913.0,108.0
2129,886.0,968.0,59.96656,913.0,110.0
2130,887.0,948.0,17.80801,103.0,108.0
2131,887.0,968.0,18.38879,103.0,110.0
2132,888.0,889.0,59.78309,914.0,915.0
2133,888.0,890.0,55.94144,914.0,916.0
2134,888.0,931.0,31.07017,914.0,105.0
2135,888.0,983.0,37.77043,914.0,115.0
2136,889.0,891.0,59.99751,915.0,917.0
2137,889.0,931.0,52.72334,915.0,105.0
2138,889.0,983.0,38.03308,915.0,115.0
2139,890.0,895.0,59.90094,916.0,921.0
2140,890.0,931.0,45.08383,916.0,105.0
2141,890.0,983.0,39.72135,916.0,115.0
2142,891.0,903.0,46.96261,917.0,104.0
2143,891.0,931.0,31.50128,917.0,105.0
2144,891.0,983.0,38.03782,917.0,115.0
2145,892.0,903.0,54.24402,918.0,104.0
2146,892.0,940.0,52.22921,918.0,964.0
2147,892.0,945.0,48.41648,918.0,107.0
2148,893.0,907.0,59.9586,919.0,932.0
2149,894.0,897.0,43.18536,920.0,923.0
2150,894.0,898.0,34.2109,920.0,924.0
2151,894.0,980.0,24.45339,920.0,114.0
2152,895.0,931.0,35.2632,921.0,105.0
2153,895.0,983.0,59.75601,921.0,115.0
2154,896.0,926.0,44.95712,922.0,951.0
2155,896.0,968.0,59.21303,922.0,110.0
2156,897.0,898.0,47.93063,923.0,924.0
2157,897.0,900.0,28.40722,923.0,926.0
2158,897.0,980.0,58.93305,923.0,114.0
2159,897.0,1009.0,51.257,923.0,122.0
2160,898.0,899.0,56.42131,924.0,925.0
2161,898.0,900.0,56.29822,924.0,926.0
2162,898.0,980.0,38.8567,924.0,114.0
2163,899.0,900.0,20.5765,925.0,926.0
2164,899.0,980.0,54.01011,925.0,114.0
2165,900.0,980.0,41.90193,926.0,114.0
2166,900.0,1009.0,41.07604,926.0,122.0
2167,901.0,904.0,58.10205,927.0,929.0
2168,901.0,905.0,58.8368,927.0,930.0
2169,901.0,998.0,40.53737,927.0,119.0
2170,902.0,931.0,35.26505,928.0,105.0
2171,902.0,983.0,59.50369,928.0,115.0
2172,903.0,923.0,59.94026,104.0,948.0
2173,903.0,940.0,20.4388,104.0,964.0
2174,903.0,983.0,47.27788,104.0,115.0
2175,904.0,998.0,59.23499,929.0,119.0
2176,905.0,906.0,59.89354,930.0,931.0
2177,905.0,911.0,51.1464,930.0,936.0
2178,905.0,912.0,58.53858,930.0,937.0
2179,905.0,913.0,36.09593,930.0,938.0
2180,905.0,952.0,59.98784,930.0,109.0
2181,905.0,978.0,54.32776,930.0,113.0
2182,905.0,998.0,59.96398,930.0,119.0
2183,906.0,913.0,36.83889,931.0,938.0
2184,906.0,914.0,59.98864,931.0,939.0
2185,906.0,952.0,38.02584,931.0,109.0
2186,907.0,980.0,39.43436,932.0,114.0
2187,907.0,996.0,39.56906,932.0,118.0
2188,907.0,1009.0,47.24717,932.0,122.0
2189,907.0,1019.0,47.06143,932.0,1024.0
2190,908.0,996.0,55.42717,933.0,118.0
2191,909.0,917.0,49.0349,934.0,942.0
2192,909.0,998.0,47.08009,934.0,119.0
2193,910.0,911.0,57.54728,935.0,936.0
2194,910.0,918.0,50.98865,935.0,943.0
2195,910.0,919.0,46.41948,935.0,944.0
2196,910.0,998.0,55.51927,935.0,119.0
2197,911.0,912.0,32.415,936.0,937.0
2198,911.0,919.0,24.66714,936.0,944.0
2199,911.0,998.0,25.8947,936.0,119.0
2200,912.0,913.0,56.03577,937.0,938.0
2201,912.0,919.0,31.26834,937.0,944.0
2202,912.0,920.0,58.83202,937.0,945.0
2203,912.0,998.0,38.71159,937.0,119.0
2204,913.0,914.0,35.94598,938.0,939.0
2205,913.0,998.0,37.45269,938.0,119.0
2206,914.0,952.0,59.75291,939.0,109.0
2207,914.0,998.0,59.94582,939.0,119.0
2208,915.0,952.0,60.17092,940.0,109.0
2209,915.0,998.0,51.04648,940.0,119.0
2210,916.0,996.0,36.88838,941.0,118.0
2211,917.0,998.0,57.84922,942.0,119.0
2212,918.0,919.0,49.37985,943.0,944.0
2213,918.0,998.0,29.79867,943.0,119.0
2214,919.0,920.0,43.55861,944.0,945.0
2215,919.0,998.0,29.42409,944.0,119.0
2216,920.0,998.0,59.78632,945.0,119.0
2217,921.0,952.0,59.38479,946.0,109.0
2218,921.0,998.0,59.97892,946.0,119.0
2219,922.0,931.0,52.96744,947.0,105.0
2220,922.0,942.0,41.59513,947.0,106.0
2221,923.0,924.0,45.13883,948.0,949.0
2222,923.0,929.0,59.82641,948.0,954.0
2223,923.0,936.0,56.15025,948.0,960.0
2224,923.0,940.0,52.21161,948.0,964.0
2225,923.0,951.0,52.4862,948.0,972.0
2226,923.0,983.0,53.13878,948.0,115.0
2227,923.0,984.0,39.07303,948.0,998.0
2228,924.0,936.0,44.63671,949.0,960.0
2229,924.0,984.0,48.75294,949.0,998.0
2230,925.0,929.0,59.69294,950.0,954.0
2231,925.0,951.0,40.01182,950.0,972.0
2232,926.0,968.0,43.71979,951.0,110.0
2233,927.0,978.0,47.18302,952.0,113.0
2234,927.0,998.0,44.8698,952.0,119.0
2235,928.0,998.0,40.69816,953.0,119.0
2236,929.0,936.0,50.82967,954.0,960.0
2237,929.0,951.0,41.97313,954.0,972.0
2238,930.0,940.0,59.92183,955.0,964.0
2239,930.0,951.0,21.54781,955.0,972.0
2240,931.0,942.0,54.47386,105.0,106.0
2241,931.0,954.0,46.18106,105.0,974.0
2242,931.0,983.0,46.38061,105.0,115.0
2243,932.0,940.0,34.40155,956.0,964.0
2244,932.0,951.0,45.31615,956.0,972.0
2245,932.0,967.0,25.64769,956.0,987.0
2246,933.0,937.0,31.52356,957.0,961.0
2247,933.0,996.0,37.15093,957.0,118.0
2248,934.0,978.0,47.68813,958.0,113.0
2249,934.0,998.0,44.42378,958.0,119.0
2250,935.0,983.0,25.66993,959.0,115.0
2251,935.0,984.0,48.62429,959.0,998.0
2252,936.0,938.0,58.60354,960.0,962.0
2253,936.0,951.0,15.72401,960.0,972.0
2254,936.0,984.0,59.97769,960.0,998.0
2255,937.0,996.0,38.99326,961.0,118.0
2256,938.0,951.0,44.94637,962.0,972.0
2257,938.0,984.0,45.79908,962.0,998.0
2258,938.0,993.0,45.318,962.0,117.0
2259,939.0,951.0,31.38605,963.0,972.0
2260,939.0,993.0,44.60058,963.0,117.0
2261,940.0,943.0,58.34148,964.0,966.0
2262,940.0,945.0,43.09897,964.0,107.0
2263,940.0,951.0,51.74584,964.0,972.0
2264,940.0,967.0,46.21524,964.0,987.0
2265,941.0,978.0,47.47926,965.0,113.0
2266,941.0,998.0,44.94672,965.0,119.0
2267,942.0,952.0,59.99192,106.0,109.0
2268,942.0,954.0,45.57431,106.0,974.0
2269,943.0,945.0,59.84915,966.0,107.0
2270,943.0,956.0,47.11648,966.0,976.0
2271,943.0,967.0,56.7812,966.0,987.0
2272,944.0,980.0,36.27089,967.0,114.0
2273,944.0,1019.0,42.02991,967.0,1024.0
2274,945.0,956.0,27.35303,107.0,976.0
2275,945.0,971.0,54.48817,107.0,111.0
2276,945.0,976.0,35.081,107.0,112.0
2277,945.0,1000.0,44.82737,107.0,120.0
2278,946.0,948.0,61.38032,968.0,108.0
2279,946.0,949.0,59.64884,968.0,970.0
2280,946.0,960.0,59.66546,968.0,980.0
2281,946.0,974.0,39.78597,968.0,992.0
2282,947.0,983.0,49.20984,969.0,115.0
2283,948.0,960.0,15.12866,108.0,980.0
2284,948.0,962.0,61.21743,108.0,982.0
2285,948.0,968.0,26.13325,108.0,110.0
2286,948.0,974.0,48.16212,108.0,992.0
2287,948.0,976.0,14.90506,108.0,112.0
2288,949.0,974.0,59.96948,970.0,992.0
2289,950.0,968.0,59.92018,971.0,110.0
2290,951.0,967.0,59.90894,972.0,987.0
2291,951.0,993.0,52.6249,972.0,117.0
2292,951.0,1020.0,42.85244,972.0,1025.0
2293,952.0,954.0,46.20763,109.0,974.0
2294,952.0,961.0,59.94084,109.0,981.0
2295,952.0,978.0,56.29536,109.0,113.0
2296,952.0,998.0,39.14885,109.0,119.0
2297,952.0,1012.0,50.6633,109.0,123.0
2298,953.0,954.0,40.99234,973.0,974.0
2299,953.0,1012.0,30.36015,973.0,123.0
2300,954.0,983.0,57.74508,974.0,115.0
2301,954.0,1012.0,44.99935,974.0,123.0
2302,955.0,958.0,15.71433,975.0,978.0
2303,955.0,983.0,60.24154,975.0,115.0
2304,956.0,967.0,50.50557,976.0,987.0
2305,956.0,971.0,59.75554,976.0,111.0
2306,957.0,958.0,31.01645,977.0,978.0
2307,957.0,983.0,32.88252,977.0,115.0
2308,958.0,983.0,59.97575,978.0,115.0
2309,959.0,962.0,59.73782,979.0,982.0
2310,959.0,974.0,60.01089,979.0,992.0
2311,959.0,1001.0,18.34688,979.0,121.0
2312,959.0,1017.0,54.1134,979.0,1022.0
2313,960.0,968.0,33.89992,980.0,110.0
2314,960.0,974.0,59.78142,980.0,992.0
2315,961.0,998.0,59.97128,981.0,119.0
2316,961.0,1005.0,46.61265,981.0,1013.0
2317,961.0,1012.0,42.11531,981.0,123.0
2318,962.0,974.0,39.75732,982.0,992.0
2319,962.0,976.0,56.32046,982.0,112.0
2320,962.0,1001.0,54.34614,982.0,121.0
2321,963.0,980.0,43.3364,983.0,114.0
2322,963.0,1009.0,48.15952,983.0,122.0
2323,964.0,983.0,46.49994,984.0,115.0
2324,965.0,967.0,59.82688,985.0,987.0
2325,965.0,1020.0,40.25863,985.0,1025.0
2326,966.0,996.0,26.3675,986.0,118.0
2327,967.0,971.0,43.94921,987.0,111.0
2328,967.0,1020.0,55.33327,987.0,1025.0
2329,968.0,974.0,45.91045,110.0,992.0
2330,968.0,988.0,59.58135,110.0,116.0
2331,969.0,970.0,43.9361,988.0,989.0
2332,969.0,972.0,49.51637,988.0,990.0
2333,969.0,1009.0,56.0686,988.0,122.0
2334,970.0,972.0,45.84599,989.0,990.0
2335,970.0,973.0,28.67546,989.0,991.0
2336,970.0,1009.0,45.3666,989.0,122.0
2337,971.0,981.0,59.77306,111.0,996.0
2338,971.0,1000.0,43.36397,111.0,120.0
2339,971.0,1020.0,50.61213,111.0,1025.0
2340,972.0,973.0,54.94145,990.0,991.0
2341,972.0,1009.0,30.46303,990.0,122.0
2342,972.0,1028.0,47.45672,990.0,1031.0
2343,973.0,1009.0,57.40013,991.0,122.0
2344,973.0,1028.0,29.95101,991.0,1031.0
2345,974.0,988.0,34.00991,992.0,116.0
2346,974.0,1017.0,29.22685,992.0,1022.0
2347,974.0,1021.0,50.00839,992.0,1026.0
2348,974.0,1081.0,45.58966,992.0,130.0
2349,975.0,996.0,36.9857,993.0,118.0
2350,976.0,1000.0,59.77118,112.0,120.0
2351,976.0,1001.0,34.82355,112.0,121.0
2352,977.0,1050.0,59.72513,994.0,1051.0
2353,978.0,996.0,59.90283,113.0,118.0
2354,978.0,998.0,36.16211,113.0,119.0
2355,978.0,1015.0,53.82558,113.0,124.0
2356,979.0,981.0,55.60375,995.0,996.0
2357,979.0,1003.0,59.67247,995.0,1011.0
2358,979.0,1020.0,57.21552,995.0,1025.0
2359,980.0,1009.0,53.47174,114.0,122.0
2360,980.0,1019.0,54.32624,114.0,1024.0
2361,981.0,1000.0,58.86122,996.0,120.0
2362,981.0,1003.0,34.95428,996.0,1011.0
2363,981.0,1007.0,59.84706,996.0,1015.0
2364,981.0,1020.0,15.58103,996.0,1025.0
2365,982.0,1050.0,59.752,997.0,1051.0
2366,983.0,984.0,51.33157,115.0,998.0
2367,983.0,1012.0,15.18179,115.0,123.0
2368,983.0,1023.0,48.105,115.0,1028.0
2369,983.0,1040.0,56.10044,115.0,127.0
2370,984.0,993.0,59.6873,998.0,117.0
2371,984.0,1040.0,40.63471,998.0,127.0
2372,985.0,1007.0,59.31889,999.0,1015.0
2373,986.0,1000.0,58.61663,1000.0,120.0
2374,986.0,1007.0,59.37583,1000.0,1015.0
2375,987.0,989.0,55.21792,1001.0,1002.0
2376,987.0,1021.0,59.85489,1001.0,1026.0
2377,987.0,1081.0,27.87874,1001.0,130.0
2378,988.0,1081.0,58.32867,116.0,130.0
2379,989.0,1021.0,15.75934,1002.0,1026.0
2380,989.0,1022.0,54.36653,1002.0,1027.0
2381,989.0,1081.0,52.44546,1002.0,130.0
2382,990.0,1016.0,40.44693,1003.0,1021.0
2383,990.0,1023.0,45.09865,1003.0,1028.0
2384,991.0,1019.0,40.90424,1004.0,1024.0
2385,992.0,993.0,51.45072,1005.0,117.0
2386,992.0,1040.0,28.288,1005.0,127.0
2387,993.0,994.0,59.70438,117.0,1006.0
2388,993.0,1013.0,43.35514,117.0,1019.0
2389,993.0,1020.0,25.29657,117.0,1025.0
2390,993.0,1040.0,40.23926,117.0,127.0
2391,994.0,1013.0,53.8591,1006.0,1019.0
2392,994.0,1040.0,41.10475,1006.0,127.0
2393,995.0,1000.0,55.48097,1007.0,120.0
2394,995.0,1049.0,51.532,1007.0,128.0
2395,996.0,997.0,39.02592,118.0,1008.0
2396,996.0,1015.0,32.60236,118.0,124.0
2397,996.0,1019.0,54.35707,118.0,1024.0
2398,996.0,1042.0,49.23775,118.0,1044.0
2399,996.0,1064.0,39.63637,118.0,1064.0
2400,997.0,1015.0,39.05029,1008.0,124.0
2401,997.0,1042.0,54.37771,1008.0,1044.0
2402,998.0,1005.0,38.84374,119.0,1013.0
2403,998.0,1015.0,59.88235,119.0,124.0
2404,999.0,1007.0,59.83838,1009.0,1015.0
2405,1000.0,1001.0,34.51003,120.0,121.0
2406,1000.0,1007.0,43.5784,120.0,1015.0
2407,1000.0,1008.0,38.9108,120.0,1016.0
2408,1000.0,1025.0,59.16182,120.0,1029.0
2409,1000.0,1049.0,27.3302,120.0,128.0
2410,1001.0,1017.0,59.92799,121.0,1022.0
2411,1001.0,1049.0,48.70319,121.0,128.0
2412,1002.0,1022.0,54.255,1010.0,1027.0
2413,1002.0,1081.0,52.76365,1010.0,130.0
2414,1003.0,1007.0,40.72438,1011.0,1015.0
2415,1003.0,1020.0,38.93165,1011.0,1025.0
2416,1003.0,1024.0,59.71973,1011.0,125.0
2417,1004.0,1009.0,54.9478,1012.0,122.0
2418,1004.0,1028.0,39.571,1012.0,1031.0
2419,1004.0,1035.0,56.50882,1012.0,1038.0
2420,1005.0,1006.0,30.79923,1013.0,1014.0
2421,1005.0,1012.0,32.53513,1013.0,123.0
2422,1005.0,1015.0,47.09288,1013.0,124.0
2423,1005.0,1067.0,52.41186,1013.0,1067.0
2424,1006.0,1067.0,52.9503,1014.0,1067.0
2425,1007.0,1024.0,34.91973,1015.0,125.0
2426,1007.0,1025.0,59.83987,1015.0,1029.0
2427,1008.0,1025.0,57.34332,1016.0,1029.0
2428,1008.0,1049.0,59.20252,1016.0,128.0
2429,1009.0,1019.0,48.88254,122.0,1024.0
2430,1009.0,1028.0,59.92616,122.0,1031.0
2431,1010.0,1019.0,44.35392,1017.0,1024.0
2432,1010.0,1064.0,57.36113,1017.0,1064.0
2433,1011.0,1015.0,34.83509,1018.0,124.0
2434,1011.0,1067.0,55.45702,1018.0,1067.0
2435,1012.0,1023.0,59.41401,123.0,1028.0
2436,1012.0,1067.0,59.16409,123.0,1067.0
2437,1013.0,1020.0,59.63645,1019.0,1025.0
2438,1013.0,1040.0,51.91259,1019.0,127.0
2439,1013.0,1057.0,56.8138,1019.0,129.0
2440,1014.0,1025.0,57.89486,1020.0,1029.0
2441,1014.0,1049.0,59.90666,1020.0,128.0
2442,1015.0,1042.0,43.38016,124.0,1044.0
2443,1015.0,1067.0,34.13924,124.0,1067.0
2444,1016.0,1023.0,59.72884,1021.0,1028.0
2445,1016.0,1067.0,58.64579,1021.0,1067.0
2446,1017.0,1021.0,59.76598,1022.0,1026.0
2447,1017.0,1049.0,31.05322,1022.0,128.0
2448,1018.0,1081.0,33.31662,1023.0,130.0
2449,1019.0,1028.0,47.66881,1024.0,1031.0
2450,1019.0,1064.0,55.54083,1024.0,1064.0
2451,1020.0,1024.0,30.90759,1025.0,125.0
2452,1020.0,1057.0,33.48007,1025.0,129.0
2453,1021.0,1022.0,59.93805,1026.0,1027.0
2454,1021.0,1049.0,48.77222,1026.0,128.0
2455,1021.0,1081.0,44.79823,1026.0,130.0
2456,1022.0,1049.0,31.13026,1027.0,128.0
2457,1022.0,1081.0,28.94131,1027.0,130.0
2458,1023.0,1040.0,45.16341,1028.0,127.0
2459,1023.0,1045.0,59.75962,1028.0,1047.0
2460,1023.0,1067.0,47.15991,1028.0,1067.0
2461,1024.0,1025.0,40.56202,125.0,1029.0
2462,1024.0,1029.0,59.9538,125.0,1032.0
2463,1024.0,1057.0,45.01717,125.0,129.0
2464,1024.0,1072.0,36.44168,125.0,1072.0
2465,1025.0,1027.0,59.93251,1029.0,126.0
2466,1025.0,1032.0,22.82075,1029.0,1035.0
2467,1025.0,1049.0,54.12037,1029.0,128.0
2468,1025.0,1072.0,48.93094,1029.0,1072.0
2469,1026.0,1027.0,58.89448,1030.0,126.0
2470,1026.0,1032.0,22.98747,1030.0,1035.0
2471,1027.0,1030.0,50.66803,126.0,1033.0
2472,1027.0,1032.0,60.27511,126.0,1035.0
2473,1027.0,1049.0,21.21539,126.0,128.0
2474,1027.0,1075.0,45.86038,126.0,1075.0
2475,1028.0,1035.0,59.81615,1031.0,1038.0
2476,1028.0,1064.0,50.08836,1031.0,1064.0
2477,1029.0,1057.0,52.61719,1032.0,129.0
2478,1029.0,1072.0,49.95014,1032.0,1072.0
2479,1030.0,1032.0,21.40659,1033.0,1035.0
2480,1030.0,1052.0,59.91661,1033.0,1053.0
2481,1030.0,1075.0,41.23781,1033.0,1075.0
2482,1031.0,1050.0,17.9378,1034.0,1051.0
2483,1031.0,1053.0,59.82438,1034.0,1054.0
2484,1032.0,1052.0,55.65105,1035.0,1053.0
2485,1032.0,1072.0,57.06936,1035.0,1072.0
2486,1033.0,1049.0,59.92817,1036.0,128.0
2487,1033.0,1081.0,59.99182,1036.0,130.0
2488,1034.0,1037.0,57.28606,1037.0,1040.0
2489,1034.0,1038.0,24.7108,1037.0,1041.0
2490,1034.0,1059.0,51.11643,1037.0,1059.0
2491,1035.0,1038.0,59.77466,1038.0,1041.0
2492,1035.0,1039.0,19.95714,1038.0,1042.0
2493,1035.0,1061.0,60.25477,1038.0,1061.0
2494,1035.0,1064.0,32.70234,1038.0,1064.0
2495,1036.0,1045.0,31.91848,1039.0,1047.0
2496,1036.0,1067.0,56.78954,1039.0,1067.0
2497,1037.0,1038.0,59.86204,1040.0,1041.0
2498,1037.0,1059.0,31.09149,1040.0,1059.0
2499,1037.0,1060.0,20.44389,1040.0,1060.0
2500,1038.0,1060.0,51.64324,1041.0,1060.0
2501,1038.0,1061.0,20.48654,1041.0,1061.0
2502,1039.0,1061.0,55.32518,1042.0,1061.0
2503,1040.0,1045.0,53.30195,127.0,1047.0
2504,1040.0,1056.0,22.43566,127.0,1057.0
2505,1040.0,1057.0,57.01032,127.0,129.0
2506,1040.0,1068.0,59.52662,127.0,1068.0
2507,1041.0,1081.0,28.98987,1043.0,130.0
2508,1042.0,1043.0,36.40496,1044.0,1045.0
2509,1042.0,1048.0,38.74668,1044.0,1050.0
2510,1042.0,1064.0,59.89235,1044.0,1064.0
2511,1042.0,1066.0,20.23812,1044.0,1066.0
2512,1042.0,1067.0,51.37625,1044.0,1067.0
2513,1043.0,1048.0,59.99878,1045.0,1050.0
2514,1043.0,1064.0,35.51967,1045.0,1064.0
2515,1044.0,1066.0,36.83181,1046.0,1066.0
2516,1045.0,1067.0,59.00366,1047.0,1067.0
2517,1045.0,1068.0,27.98846,1047.0,1068.0
2518,1046.0,1058.0,32.8292,1048.0,1058.0
2519,1046.0,1079.0,50.7146,1048.0,1079.0
2520,1046.0,1081.0,55.81919,1048.0,130.0
2521,1047.0,1080.0,32.60231,1049.0,1080.0
2522,1047.0,1081.0,55.39438,1049.0,130.0
2523,1048.0,1064.0,40.02894,1050.0,1064.0
2524,1048.0,1065.0,59.94646,1050.0,1065.0
2525,1048.0,1066.0,20.21258,1050.0,1066.0
2526,1049.0,1075.0,59.99778,128.0,1075.0
2527,1049.0,1076.0,38.96839,128.0,1076.0
2528,1049.0,1077.0,15.7571,128.0,1077.0
2529,1049.0,1081.0,47.16953,128.0,130.0
2530,1050.0,1053.0,45.25776,1051.0,1054.0
2531,1050.0,1081.0,57.10162,1051.0,130.0
2532,1050.0,1082.0,44.47259,1051.0,1081.0
2533,1051.0,1062.0,59.88932,1052.0,1062.0
2534,1051.0,1063.0,59.82701,1052.0,1063.0
2535,1052.0,1072.0,17.14082,1053.0,1072.0
2536,1052.0,1073.0,59.75711,1053.0,1073.0
2537,1052.0,1075.0,52.42138,1053.0,1075.0
2538,1053.0,1082.0,44.94953,1054.0,1081.0
2539,1054.0,1055.0,50.63348,1055.0,1056.0
2540,1054.0,1062.0,36.93075,1055.0,1062.0
2541,1055.0,1062.0,54.44723,1056.0,1062.0
2542,1056.0,1057.0,59.80401,1057.0,129.0
2543,1056.0,1068.0,42.30806,1057.0,1068.0
2544,1056.0,1069.0,43.10704,1057.0,1069.0
2545,1056.0,1070.0,52.20664,1057.0,1070.0
2546,1056.0,1071.0,52.51634,1057.0,1071.0
2547,1057.0,1071.0,38.48877,129.0,1071.0
2548,1057.0,1072.0,45.88799,129.0,1072.0
2549,1058.0,1078.0,28.05383,1058.0,1078.0
2550,1058.0,1079.0,59.88855,1058.0,1079.0
2551,1058.0,1081.0,48.43419,1058.0,130.0
2552,1059.0,1060.0,19.70078,1059.0,1060.0
2553,1060.0,1061.0,59.88474,1060.0,1061.0
2554,1061.0,1062.0,46.5011,1061.0,1062.0
2555,1061.0,1064.0,47.78309,1061.0,1064.0
2556,1062.0,1063.0,39.05218,1062.0,1063.0
2557,1062.0,1064.0,59.55851,1062.0,1064.0
2558,1063.0,1064.0,59.4484,1063.0,1064.0
2559,1064.0,1065.0,35.62327,1064.0,1065.0
2560,1065.0,1066.0,50.29827,1065.0,1066.0
2561,1066.0,1067.0,59.98225,1066.0,1067.0
2562,1067.0,1068.0,39.37047,1067.0,1068.0
2563,1068.0,1069.0,59.88371,1068.0,1069.0
2564,1069.0,1070.0,21.84055,1069.0,1070.0
2565,1070.0,1071.0,59.53206,1070.0,1071.0
2566,1071.0,1072.0,39.88154,1071.0,1072.0
2567,1072.0,1073.0,57.3712,1072.0,1073.0
2568,1073.0,1074.0,59.9385,1073.0,1074.0
2569,1073.0,1075.0,41.29463,1073.0,1075.0
2570,1074.0,1075.0,52.32415,1074.0,1075.0
2571,1075.0,1076.0,59.70726,1075.0,1076.0
2572,1076.0,1077.0,42.48669,1076.0,1077.0
2573,1077.0,1078.0,59.69211,1077.0,1078.0
2574,1077.0,1081.0,39.9165,1077.0,130.0
2575,1078.0,1079.0,44.07754,1078.0,1079.0
2576,1078.0,1081.0,49.78194,1078.0,130.0
2577,1079.0,1080.0,59.89811,1079.0,1080.0
2578,1079.0,1081.0,57.83879,1079.0,130.0
2579,1080.0,1081.0,48.69722,1080.0,130.0
2580,1081.0,1082.0,34.10298,130.0,1081.0
